;10;10;-0.0154271;0.0154271;0.19245;0.0749891;0.0997889;-0.0385678;0.08;0.03125;-0.0385964;-0.0300703;-0.0393884;0.0110798;0.0162747;0.0182076;-0.00296895;0.00342201;0.00785511;-0.0045633;0.00510786;-0.00482098;-0.00960362;0.03125;0.08;-0.0385964;-0.0179798;-0.0334785;0.0164112;0.0334785;0.0179798;0.0164112;0.0110798;0.0240563;0.0110798;0.00390625;-0.00926841;0.0137174;0.00889759;0.00531547;0.00355099;0.00533598;0.00559535;-0.000412381;0.00455166;0.00115741;-0.00330904;0.00390625;0.0137174;-0.00926841;-0.00531547;-0.00889759;0.00355099;0.00331664;-0.00331664;0.00712778;0.000730138;0.00602622;0.00510786;0.00602622;0.000730138;0.00510786;0.00277737;0.000123417;0.00273695;0.00343333;0.00219265;0.00122302;0.00240774;0.00205141;-0.000380556;0.00115741;0.00455166;-0.00330904;-0.00219265;-0.00343333;0.00122302;-0.000123417;-0.00277737;0.00273695;-0.000380556;0.00205141;0.00240774;0.00300703;0.00146757;0.00146757;0.000752693;-0.000752693;0.0015396;0.00161953;0.000427815;0.00120783;0.00106387;0.00144974;0.000364708
10;;-10;2.6943;2;-0.0154271;-0.0749891;0.0385678;-0.0997889;0.0385964;-0.259298;-0.25;-0.0393884;-0.0300703;-0.0110798;0.000571375;0.0184295;-0.0182076;-0.00342201;0.0045633;-0.00785511;-0.000730138;-0.0121089;-0.0113293;0.37037;0.03125;0.259298;0.0631702;0.0385678;0.0334785;0.0631702;0.0740741;-0.0179798;0.0393884;0.00984713;-0.0300703;-0.0237266;-0.03125;0.00926841;0.0112664;0.016;-0.00531547;0.00179989;0.0072642;-0.00559535;0.00330904;-0.00618629;-0.00925926;0.0291545;0.00390625;0.0237266;0.0112664;0.00296895;0.00889759;0.0215544;0.0184295;0.00331664;0.0121089;0.00769711;-0.00482098;-0.001964;-0.0113293;0.00960362;0.00720243;0.0072642;-0.000123417;0.00374809;0.0058309;-0.00219265;0.00351467;-0.00142949;-0.00487209;0.00751315;0.00115741;0.00618629;0.00374809;0.000412381;0.00343333;0.00720243;0.0045633;0.00277737;0.00453575;0.00345317;-0.00117956;0.00144899;-0.00375879;0.00517508;0.00369589;0.0029592;0.000752693;0.00300306;0.00340191;-0.000427815;0.00244876;0.000139386;-0.00230369
10;-10;;-2;-2.6943;-0.0154271;0.19245;0.0749891;0.0749891;0.03125;0.37037;0.259298;0.00984713;-0.00984713;0.0240563;0.0164112;-0.000571375;0.0162747;0.00712778;0.00342201;0.00342201;0.00602622;0.00769711;0.001964;-0.259298;0.0385964;-0.25;-0.0740741;-0.0631702;-0.0179798;-0.0385678;-0.0631702;0.0334785;-0.0300703;0.00984713;0.0393884;0.0291545;0.0237266;0.00390625;-0.00296895;-0.0112664;0.00889759;0.00355099;-0.00179989;0.00533598;0.00115741;0.00751315;0.00618629;-0.0237266;0.00926841;-0.03125;-0.016;-0.0112664;-0.00531547;-0.0184295;-0.0215544;0.00331664;-0.0113293;-0.001964;0.00960362;0.00769711;0.0121089;-0.00482098;-0.0045633;-0.00720243;0.00277737;-0.000412381;-0.00374809;0.00343333;-0.00117956;0.00345317;0.00453575;-0.00618629;0.00330904;-0.00925926;-0.0058309;-0.00374809;-0.00219265;-0.0072642;-0.00720243;-0.000123417;-0.00487209;-0.00142949;0.00351467;0.00144899;0.00517508;-0.00375879;-0.0029592;-0.00369589;0.000752693;-0.00142844;-0.00300306;0.00161953;-0.00141002;0.00128145;0.00266562
-0.0154271;2.6943;-2;;10;10;0.03125;0.08;-0.0385964;0.19245;-0.0154271;0.0154271;-0.0179798;-0.0334785;0.0164112;0.0240563;0.0110798;0.0110798;0.00602622;0.00510786;0.000730138;0.00712778;0.00331664;-0.00331664;-2.6943;0.0154271;-2;-0.25;-0.259298;-0.0385964;0.03125;-0.0385964;0.08;-0.0385678;0.0749891;0.0997889;0.0334785;0.0179798;0.0164112;0.00390625;-0.00926841;0.0137174;0.00602622;0.000730138;0.00510786;0.00355099;0.00889759;0.00531547;-0.0631702;0.0179798;-0.0740741;-0.03125;-0.0237266;-0.00926841;-0.0300703;-0.0393884;0.0110798;-0.0184295;-0.000571375;0.0182076;0.0162747;0.0182076;-0.00296895;-0.00482098;-0.00960362;0.00510786;0.00115741;-0.00330904;0.00455166;-0.000412381;0.00533598;0.00559535;-0.0112664;0.00531547;-0.016;-0.00925926;-0.00618629;-0.00330904;-0.0113293;-0.0121089;0.000730138;-0.0072642;-0.00179989;0.00559535;0.00342201;0.00785511;-0.0045633;-0.00375879;-0.00517508;0.00146757;-0.00117956;-0.00351467;0.00240774;-0.00142844;0.00213032;0.00350635
0.0154271;2;-2.6943;10;;-10;0.37037;0.03125;0.259298;-0.0154271;2.6943;2;0.0631702;0.0385678;0.0334785;0.00984713;-0.0300703;0.0393884;0.00769711;-0.00482098;0.0121089;0.00331664;0.0215544;0.0184295;0.0154271;-0.19245;-0.0154271;-0.0385964;0.03125;-0.08;-0.259298;-0.25;0.0385964;-0.0997889;-0.0749891;0.0385678;0.0631702;0.0740741;-0.0179798;-0.0237266;-0.03125;0.00926841;-0.001964;-0.0113293;0.00960362;-0.00531547;0.0112664;0.016;-0.0334785;-0.0164112;-0.0179798;-0.00926841;0.00390625;-0.0137174;-0.0393884;-0.0300703;-0.0110798;-0.0182076;-0.0162747;0.00296895;0.000571375;0.0184295;-0.0182076;-0.0121089;-0.0113293;-0.000730138;-0.00618629;-0.00925926;0.00330904;-0.00559535;0.00179989;0.0072642;-0.00889759;-0.00355099;-0.00531547;-0.00330904;0.00115741;-0.00455166;-0.00960362;-0.00482098;-0.00510786;-0.00559535;-0.00533598;0.000412381;-0.00342201;0.0045633;-0.00785511;-0.00517508;-0.00375879;-0.00146757;-0.00453575;-0.00487209;0.000380556;-0.00350635;-0.000549483;0.0029592
0.19245;-0.0154271;-0.0154271;10;-10;;-0.259298;0.0385964;-0.25;-0.0154271;-2;-2.6943;-0.0740741;-0.0631702;-0.0179798;0.00984713;0.0393884;-0.0300703;-0.001964;0.00960362;-0.0113293;0.00331664;-0.0184295;-0.0215544;-2;-0.0154271;-2.6943;-0.259298;-0.37037;0.03125;0.37037;0.259298;0.03125;0.0749891;0.19245;0.0749891;-0.0385678;-0.0631702;0.0334785;0.0291545;0.0237266;0.00390625;0.00769711;0.0121089;-0.00482098;0.00889759;-0.00296895;-0.0112664;-0.0385678;0.0334785;-0.0631702;-0.0237266;-0.0291545;0.00390625;0.00984713;-0.00984713;0.0240563;-0.000571375;0.0164112;0.0162747;0.0164112;-0.000571375;0.0162747;0.00769711;0.001964;0.00602622;0.00751315;0.00618629;0.00115741;0.00533598;0.00355099;-0.00179989;-0.00296895;0.00889759;-0.0112664;-0.00618629;-0.00751315;0.00115741;-0.001964;-0.00769711;0.00602622;-0.00179989;0.00355099;0.00533598;0.00712778;0.00342201;0.00342201;0.00144899;-0.00144899;0.00300703;0.00345317;0.00142949;0.00205141;0.00213032;0.00273695;0.000549483
0.0749891;-0.0749891;0.19245;0.03125;0.37037;-0.259298;;10;10;-2;-2.6943;0.0154271;-0.0154271;0.0154271;0.19245;0.03125;-0.0385964;0.08;0.0240563;0.0110798;0.0110798;0.0164112;0.0334785;0.0179798;-0.0631702;-0.0334785;-0.0385678;-0.0300703;0.00984713;-0.0393884;-0.25;-0.259298;-0.0385964;-0.0740741;-0.0631702;0.0179798;0.0749891;0.0997889;-0.0385678;-0.0300703;-0.0393884;0.0110798;0.00390625;-0.00926841;0.0137174;-0.00296895;0.0162747;0.0182076;-0.0215544;-0.00331664;-0.0184295;-0.0113293;-0.001964;-0.00960362;-0.03125;-0.0237266;-0.00926841;-0.016;-0.0112664;0.00531547;-0.000571375;0.0182076;-0.0184295;-0.0113293;-0.0121089;0.000730138;-0.00482098;-0.00960362;0.00510786;-0.0045633;0.00342201;0.00785511;-0.00720243;0.000123417;-0.0072642;-0.00487209;-0.00142949;-0.00351467;-0.00925926;-0.00618629;-0.00330904;-0.0058309;-0.00374809;0.00219265;-0.00179989;0.00559535;-0.0072642;-0.00487209;-0.00453575;-0.000380556;-0.00375879;-0.00517508;0.00146757;-0.0029592;0.000549483;0.00350635
0.0997889;0.0385678;0.0749891;0.08;0.03125;0.0385964;10;;-10;-0.0154271;0.0154271;-0.19245;2.6943;2;-0.0154271;-0.259298;-0.25;0.0385964;0.00984713;-0.0300703;0.0393884;-0.0179798;0.0631702;0.0740741;0.0179798;-0.0164112;0.0334785;0.0110798;0.0240563;-0.0110798;-0.0385964;0.03125;-0.08;-0.0179798;-0.0334785;-0.0164112;-0.0749891;0.0385678;-0.0997889;-0.0393884;-0.0300703;-0.0110798;-0.0237266;-0.03125;0.00926841;-0.0182076;0.000571375;0.0184295;-0.00331664;-0.00712778;0.00331664;0.000730138;0.00602622;-0.00510786;-0.00926841;0.00390625;-0.0137174;-0.00531547;-0.00889759;-0.00355099;-0.0162747;0.00296895;-0.0182076;-0.00960362;-0.00482098;-0.00510786;-0.0121089;-0.0113293;-0.000730138;-0.00785511;-0.00342201;0.0045633;-0.00277737;-0.00273695;-0.000123417;-0.000380556;0.00205141;-0.00240774;-0.00330904;0.00115741;-0.00455166;-0.00219265;-0.00343333;-0.00122302;-0.00533598;0.000412381;-0.00559535;-0.00351467;-0.00117956;-0.00240774;-0.00517508;-0.00375879;-0.00146757;-0.00350635;-0.00213032;0.00142844
-0.0385678;-0.0997889;0.0749891;-0.0385964;0.259298;-0.25;10;-10;;-2.6943;-2;-0.0154271;-2;-2.6943;-0.0154271;0.37037;0.259298;0.03125;0.00984713;0.0393884;-0.0300703;0.0334785;-0.0385678;-0.0631702;-0.0740741;-0.0179798;-0.0631702;-0.0393884;-0.00984713;-0.0300703;-0.259298;-0.37037;0.03125;-0.0631702;-0.0385678;0.0334785;0.19245;0.0749891;0.0749891;0.00984713;-0.00984713;0.0240563;0.0291545;0.0237266;0.00390625;0.0162747;0.0164112;-0.000571375;-0.0184295;0.00331664;-0.0215544;-0.0121089;-0.00769711;-0.00482098;-0.0237266;-0.0291545;0.00390625;-0.0112664;-0.00296895;0.00889759;0.0164112;0.0162747;-0.000571375;-0.001964;-0.00769711;0.00602622;0.00769711;0.001964;0.00602622;0.00342201;0.00712778;0.00342201;-0.0045633;0.00277737;-0.00720243;-0.00453575;-0.00345317;-0.00117956;-0.00618629;-0.00751315;0.00115741;-0.00374809;-0.000412381;0.00343333;0.00355099;0.00533598;-0.00179989;-0.00142949;-0.00345317;0.00205141;0.00144899;-0.00144899;0.00300703;0.000549483;0.00273695;0.00213032
0.08;0.0385964;0.03125;0.19245;-0.0154271;-0.0154271;-2;-0.0154271;-2.6943;;10;-10;-0.259298;-0.37037;0.03125;0.19245;0.0749891;0.0749891;0.0164112;0.0162747;-0.000571375;0.0240563;0.00984713;-0.00984713;-0.0385964;-0.08;0.03125;-0.0385678;0.0749891;-0.0997889;-2;-2.6943;-0.0154271;-0.25;-0.259298;0.0385964;0.37037;0.259298;0.03125;-0.0385678;-0.0631702;0.0334785;0.0164112;-0.000571375;0.0162747;0.00390625;0.0291545;0.0237266;-0.0393884;-0.0110798;-0.0300703;-0.0184295;-0.000571375;-0.0182076;-0.0740741;-0.0631702;-0.0179798;-0.03125;-0.0237266;0.00926841;0.00984713;0.0393884;-0.0300703;-0.0184295;-0.0215544;0.00331664;-0.00296895;-0.0112664;0.00889759;-0.00482098;0.00769711;0.0121089;-0.0121089;-0.000730138;-0.0113293;-0.0072642;-0.00179989;-0.00559535;-0.016;-0.0112664;-0.00531547;-0.00925926;-0.00618629;0.00330904;-0.001964;0.00960362;-0.0113293;-0.0072642;-0.00720243;-0.000123417;-0.0045633;-0.00720243;0.00277737;-0.00375879;0.00144899;0.00517508
0.03125;-0.259298;0.37037;-0.0154271;2.6943;-2;-2.6943;0.0154271;-2;10;;10;-0.25;-0.259298;-0.0385964;0.0749891;0.0997889;-0.0385678;-0.000571375;0.0182076;-0.0184295;0.0110798;-0.0300703;-0.0393884;-0.25;-0.0385964;-0.259298;-0.0997889;-0.0749891;-0.0385678;-0.0154271;0.0154271;0.19245;-0.0385964;0.03125;0.08;0.03125;-0.0385964;0.08;0.0334785;0.0179798;0.0164112;0.0162747;0.0182076;-0.00296895;0.0137174;0.00390625;-0.00926841;-0.0300703;0.0110798;-0.0393884;-0.0182076;-0.0162747;-0.00296895;-0.0179798;-0.0334785;0.0164112;-0.00926841;0.00390625;0.0137174;0.0240563;0.0110798;0.0110798;0.00331664;-0.00331664;0.00712778;0.00889759;0.00531547;0.00355099;0.00510786;0.00602622;0.000730138;-0.00482098;0.00510786;-0.00960362;-0.00559535;-0.00533598;-0.000412381;-0.00531547;-0.00889759;0.00355099;-0.00330904;0.00115741;0.00455166;0.00602622;0.00510786;0.000730138;-0.000123417;-0.00277737;0.00273695;0.00277737;0.000123417;0.00273695;0.00146757;0.00300703;0.00146757
-0.0385964;-0.25;0.259298;0.0154271;2;-2.6943;0.0154271;-0.19245;-0.0154271;-10;10;;-0.0385964;0.03125;-0.08;-0.0749891;0.0385678;-0.0997889;-0.0162747;0.00296895;-0.0182076;-0.0110798;-0.0393884;-0.0300703;-0.259298;0.03125;-0.37037;-0.0749891;-0.19245;0.0749891;2.6943;2;-0.0154271;0.259298;0.37037;0.03125;-0.259298;-0.25;0.0385964;0.0631702;0.0740741;-0.0179798;0.000571375;0.0184295;-0.0182076;0.00926841;-0.0237266;-0.03125;0.00984713;0.0240563;-0.00984713;0.000571375;-0.0164112;0.0162747;0.0631702;0.0385678;0.0334785;0.0237266;0.0291545;0.00390625;0.00984713;-0.0300703;0.0393884;0.0215544;0.0184295;0.00331664;0.0112664;0.016;-0.00531547;0.00960362;-0.001964;-0.0113293;0.00769711;0.00602622;0.001964;0.00179989;-0.00355099;0.00533598;0.0112664;0.00296895;0.00889759;0.00618629;0.00751315;0.00115741;0.00769711;-0.00482098;0.0121089;0.00720243;0.0045633;0.00277737;0.00720243;0.0072642;-0.000123417;0.00517508;0.00144899;-0.00375879
-0.0300703;-0.0393884;0.00984713;-0.0179798;0.0631702;-0.0740741;-0.0154271;2.6943;-2;-0.259298;-0.25;-0.0385964;;10;10;-0.0154271;0.0154271;0.19245;0.0749891;0.0997889;-0.0385678;0.08;0.03125;-0.0385964;-0.03125;-0.00926841;-0.0237266;-0.0182076;0.000571375;-0.0184295;-0.0997889;-0.0749891;-0.0385678;-0.0393884;-0.0300703;0.0110798;0.03125;0.08;-0.0385964;-0.0179798;-0.0334785;0.0164112;0.0334785;0.0179798;0.0164112;0.0110798;0.0240563;0.0110798;-0.0113293;0.000730138;-0.0121089;-0.00785511;-0.00342201;-0.0045633;-0.0182076;-0.0162747;-0.00296895;-0.00960362;-0.00482098;0.00510786;0.00390625;0.0137174;-0.00926841;-0.00531547;-0.00889759;0.00355099;0.00331664;-0.00331664;0.00712778;0.000730138;0.00602622;0.00510786;-0.00375879;0.00146757;-0.00517508;-0.00350635;-0.00213032;-0.00142844;-0.00559535;-0.00533598;-0.000412381;-0.00351467;-0.00117956;0.00240774;0.00115741;0.00455166;-0.00330904;-0.00219265;-0.00343333;0.00122302;-0.000123417;-0.00277737;0.00273695;-0.000380556;0.00205141;0.00240774
-0.0393884;-0.0300703;-0.00984713;-0.0334785;0.0385678;-0.0631702;0.0154271;2;-2.6943;-0.37037;-0.259298;0.03125;10;;-10;2.6943;2;-0.0154271;-0.0749891;0.0385678;-0.0997889;0.0385964;-0.259298;-0.25;-0.0237266;0.00390625;-0.0291545;-0.0162747;-0.0164112;-0.000571375;-0.0749891;-0.19245;0.0749891;-0.00984713;0.00984713;0.0240563;0.37037;0.03125;0.259298;0.0631702;0.0385678;0.0334785;0.0631702;0.0740741;-0.0179798;0.0393884;0.00984713;-0.0300703;-0.001964;0.00602622;-0.00769711;-0.00342201;-0.00712778;0.00342201;0.000571375;-0.0164112;0.0162747;0.001964;0.00769711;0.00602622;0.0291545;0.00390625;0.0237266;0.0112664;0.00296895;0.00889759;0.0215544;0.0184295;0.00331664;0.0121089;0.00769711;-0.00482098;0.00144899;0.00300703;-0.00144899;-0.000549483;-0.00273695;0.00213032;0.00179989;-0.00355099;0.00533598;0.00142949;0.00345317;0.00205141;0.00751315;0.00115741;0.00618629;0.00374809;0.000412381;0.00343333;0.00720243;0.0045633;0.00277737;0.00453575;0.00345317;-0.00117956
0.0110798;-0.0110798;0.0240563;0.0164112;0.0334785;-0.0179798;0.19245;-0.0154271;-0.0154271;0.03125;-0.0385964;-0.08;10;-10;;-2;-2.6943;-0.0154271;0.19245;0.0749891;0.0749891;0.03125;0.37037;0.259298;-0.00926841;-0.0137174;0.00390625;-0.00296895;0.0162747;-0.0182076;-0.0385678;0.0749891;-0.0997889;-0.0300703;-0.0393884;-0.0110798;-0.259298;0.0385964;-0.25;-0.0740741;-0.0631702;-0.0179798;-0.0385678;-0.0631702;0.0334785;-0.0300703;0.00984713;0.0393884;-0.00960362;-0.00510786;-0.00482098;-0.0045633;0.00342201;-0.00785511;-0.0184295;-0.000571375;-0.0182076;-0.0113293;-0.0121089;-0.000730138;-0.0237266;0.00926841;-0.03125;-0.016;-0.0112664;-0.00531547;-0.0184295;-0.0215544;0.00331664;-0.0113293;-0.001964;0.00960362;-0.00517508;-0.00146757;-0.00375879;-0.0029592;0.000549483;-0.00350635;-0.0072642;-0.00179989;-0.00559535;-0.00487209;-0.00453575;0.000380556;-0.00618629;0.00330904;-0.00925926;-0.0058309;-0.00374809;-0.00219265;-0.0072642;-0.00720243;-0.000123417;-0.00487209;-0.00142949;0.00351467
0.0162747;0.000571375;0.0164112;0.0240563;0.00984713;0.00984713;0.03125;-0.259298;0.37037;0.19245;0.0749891;-0.0749891;-0.0154271;2.6943;-2;;10;10;0.03125;0.08;-0.0385964;0.19245;-0.0154271;0.0154271;-0.000571375;-0.0162747;0.0164112;0.00390625;0.0291545;-0.0237266;0.03125;0.37037;-0.259298;-0.0385678;-0.0631702;-0.0334785;-2.6943;0.0154271;-2;-0.25;-0.259298;-0.0385964;0.03125;-0.0385964;0.08;-0.0385678;0.0749891;0.0997889;-0.0112664;-0.00889759;-0.00296895;-0.00482098;0.00769711;-0.0121089;-0.0300703;0.00984713;-0.0393884;-0.0184295;-0.0215544;-0.00331664;-0.0631702;0.0179798;-0.0740741;-0.03125;-0.0237266;-0.00926841;-0.0300703;-0.0393884;0.0110798;-0.0184295;-0.000571375;0.0182076;-0.00720243;-0.00277737;-0.0045633;-0.00375879;0.00144899;-0.00517508;-0.0113293;-0.001964;-0.00960362;-0.0072642;-0.00720243;0.000123417;-0.0112664;0.00531547;-0.016;-0.00925926;-0.00618629;-0.00330904;-0.0113293;-0.0121089;0.000730138;-0.0072642;-0.00179989;0.00559535
0.0182076;0.0184295;-0.000571375;0.0110798;-0.0300703;0.0393884;-0.0385964;-0.25;0.259298;0.0749891;0.0997889;0.0385678;0.0154271;2;-2.6943;10;;-10;0.37037;0.03125;0.259298;-0.0154271;2.6943;2;0.0182076;0.00296895;0.0162747;0.0137174;0.00390625;0.00926841;0.08;0.03125;0.0385964;0.0334785;0.0179798;-0.0164112;0.0154271;-0.19245;-0.0154271;-0.0385964;0.03125;-0.08;-0.259298;-0.25;0.0385964;-0.0997889;-0.0749891;0.0385678;0.00531547;-0.00355099;0.00889759;0.00510786;0.00602622;-0.000730138;0.0110798;0.0240563;-0.0110798;0.00331664;-0.00331664;-0.00712778;-0.0334785;-0.0164112;-0.0179798;-0.00926841;0.00390625;-0.0137174;-0.0393884;-0.0300703;-0.0110798;-0.0182076;-0.0162747;0.00296895;0.000123417;-0.00273695;0.00277737;0.00146757;0.00300703;-0.00146757;0.000730138;0.00602622;-0.00510786;-0.000123417;-0.00277737;-0.00273695;-0.00889759;-0.00355099;-0.00531547;-0.00330904;0.00115741;-0.00455166;-0.00960362;-0.00482098;-0.00510786;-0.00559535;-0.00533598;0.000412381
-0.00296895;-0.0182076;0.0162747;0.0110798;0.0393884;-0.0300703;0.08;0.0385964;0.03125;0.0749891;-0.0385678;-0.0997889;0.19245;-0.0154271;-0.0154271;10;-10;;-0.259298;0.0385964;-0.25;-0.0154271;-2;-2.6943;-0.0184295;-0.0182076;-0.000571375;-0.00926841;0.0237266;-0.03125;-0.0385964;0.259298;-0.25;-0.0631702;-0.0740741;-0.0179798;-2;-0.0154271;-2.6943;-0.259298;-0.37037;0.03125;0.37037;0.259298;0.03125;0.0749891;0.19245;0.0749891;-0.016;-0.00531547;-0.0112664;-0.00960362;0.001964;-0.0113293;-0.0393884;-0.00984713;-0.0300703;-0.0215544;-0.0184295;0.00331664;-0.0385678;0.0334785;-0.0631702;-0.0237266;-0.0291545;0.00390625;0.00984713;-0.00984713;0.0240563;-0.000571375;0.0164112;0.0162747;-0.0072642;-0.000123417;-0.00720243;-0.00517508;-0.00144899;-0.00375879;-0.0121089;-0.00769711;-0.00482098;-0.00720243;-0.0045633;0.00277737;-0.00296895;0.00889759;-0.0112664;-0.00618629;-0.00751315;0.00115741;-0.001964;-0.00769711;0.00602622;-0.00179989;0.00355099;0.00533598
0.00342201;-0.00342201;0.00712778;0.00602622;0.00769711;-0.001964;0.0240563;0.00984713;0.00984713;0.0164112;-0.000571375;-0.0162747;0.0749891;-0.0749891;0.19245;0.03125;0.37037;-0.259298;;10;10;-2;-2.6943;0.0154271;-0.00179989;-0.00533598;0.00355099;0.00115741;0.00751315;-0.00618629;0.00390625;0.0291545;-0.0237266;-0.00296895;-0.0112664;-0.00889759;-0.0631702;-0.0334785;-0.0385678;-0.0300703;0.00984713;-0.0393884;-0.25;-0.259298;-0.0385964;-0.0740741;-0.0631702;0.0179798;-0.00374809;-0.00343333;-0.000412381;-0.00117956;0.00345317;-0.00453575;-0.00482098;0.00769711;-0.0121089;-0.0045633;-0.00720243;-0.00277737;-0.0215544;-0.00331664;-0.0184295;-0.0113293;-0.001964;-0.00960362;-0.03125;-0.0237266;-0.00926841;-0.016;-0.0112664;0.00531547;-0.00300306;-0.00161953;-0.00142844;-0.00141002;0.00128145;-0.00266562;-0.00375879;0.00144899;-0.00517508;-0.0029592;-0.00369589;-0.000752693;-0.00720243;0.000123417;-0.0072642;-0.00487209;-0.00142949;-0.00351467;-0.00925926;-0.00618629;-0.00330904;-0.0058309;-0.00374809;0.00219265
0.00785511;0.0045633;0.00342201;0.00510786;-0.00482098;0.00960362;0.0110798;-0.0300703;0.0393884;0.0162747;0.0182076;0.00296895;0.0997889;0.0385678;0.0749891;0.08;0.03125;0.0385964;10;;-10;-0.0154271;0.0154271;-0.19245;0.00559535;0.000412381;0.00533598;0.00455166;0.00115741;0.00330904;0.0137174;0.00390625;0.00926841;0.00889759;0.00531547;-0.00355099;0.0179798;-0.0164112;0.0334785;0.0110798;0.0240563;-0.0110798;-0.0385964;0.03125;-0.08;-0.0179798;-0.0334785;-0.0164112;0.00219265;-0.00122302;0.00343333;0.00240774;0.00205141;0.000380556;0.00510786;0.00602622;-0.000730138;0.00277737;0.000123417;-0.00273695;-0.00331664;-0.00712778;0.00331664;0.000730138;0.00602622;-0.00510786;-0.00926841;0.00390625;-0.0137174;-0.00531547;-0.00889759;-0.00355099;0.000427815;-0.00120783;0.00161953;0.00106387;0.00144974;-0.000364708;0.00146757;0.00300703;-0.00146757;0.000752693;-0.000752693;-0.0015396;-0.00277737;-0.00273695;-0.000123417;-0.000380556;0.00205141;-0.00240774;-0.00330904;0.00115741;-0.00455166;-0.00219265;-0.00343333;-0.00122302
-0.0045633;-0.00785511;0.00342201;0.000730138;0.0121089;-0.0113293;0.0110798;0.0393884;-0.0300703;-0.000571375;-0.0184295;-0.0182076;-0.0385678;-0.0997889;0.0749891;-0.0385964;0.259298;-0.25;10;-10;;-2.6943;-2;-0.0154271;-0.0072642;-0.00559535;-0.00179989;-0.00330904;0.00618629;-0.00925926;-0.00926841;0.0237266;-0.03125;-0.0112664;-0.016;-0.00531547;-0.0740741;-0.0179798;-0.0631702;-0.0393884;-0.00984713;-0.0300703;-0.259298;-0.37037;0.03125;-0.0631702;-0.0385678;0.0334785;-0.0058309;-0.00219265;-0.00374809;-0.00351467;0.00142949;-0.00487209;-0.00960362;0.001964;-0.0113293;-0.00720243;-0.0072642;-0.000123417;-0.0184295;0.00331664;-0.0215544;-0.0121089;-0.00769711;-0.00482098;-0.0237266;-0.0291545;0.00390625;-0.0112664;-0.00296895;0.00889759;-0.00340191;-0.000427815;-0.00300306;-0.00244876;-0.000139386;-0.00230369;-0.00517508;-0.00144899;-0.00375879;-0.00369589;-0.0029592;0.000752693;-0.0045633;0.00277737;-0.00720243;-0.00453575;-0.00345317;-0.00117956;-0.00618629;-0.00751315;0.00115741;-0.00374809;-0.000412381;0.00343333
0.00510786;-0.000730138;0.00602622;0.00712778;0.00331664;0.00331664;0.0164112;-0.0179798;0.0334785;0.0240563;0.0110798;-0.0110798;0.08;0.0385964;0.03125;0.19245;-0.0154271;-0.0154271;-2;-0.0154271;-2.6943;;10;-10;0.000730138;-0.00510786;0.00602622;0.00355099;0.00889759;-0.00531547;0.0164112;0.0334785;-0.0179798;0.00390625;-0.00926841;-0.0137174;-0.0385964;-0.08;0.03125;-0.0385678;0.0749891;-0.0997889;-2;-2.6943;-0.0154271;-0.25;-0.259298;0.0385964;-0.00330904;-0.00455166;0.00115741;-0.000412381;0.00533598;-0.00559535;-0.00296895;0.0162747;-0.0182076;-0.00482098;-0.00960362;-0.00510786;-0.0393884;-0.0110798;-0.0300703;-0.0184295;-0.000571375;-0.0182076;-0.0740741;-0.0631702;-0.0179798;-0.03125;-0.0237266;0.00926841;-0.00351467;-0.00240774;-0.00117956;-0.00142844;0.00213032;-0.00350635;-0.0045633;0.00342201;-0.00785511;-0.00375879;-0.00517508;-0.00146757;-0.0121089;-0.000730138;-0.0113293;-0.0072642;-0.00179989;-0.00559535;-0.016;-0.0112664;-0.00531547;-0.00925926;-0.00618629;0.00330904
-0.00482098;-0.0121089;0.00769711;0.00331664;0.0215544;-0.0184295;0.0334785;0.0631702;-0.0385678;0.00984713;-0.0300703;-0.0393884;0.03125;-0.259298;0.37037;-0.0154271;2.6943;-2;-2.6943;0.0154271;-2;10;;10;-0.0113293;-0.00960362;-0.001964;-0.00531547;0.0112664;-0.016;-0.0179798;0.0631702;-0.0740741;-0.0237266;-0.03125;-0.00926841;-0.25;-0.0385964;-0.259298;-0.0997889;-0.0749891;-0.0385678;-0.0154271;0.0154271;0.19245;-0.0385964;0.03125;0.08;-0.00925926;-0.00330904;-0.00618629;-0.00559535;0.00179989;-0.0072642;-0.0182076;0.000571375;-0.0184295;-0.0121089;-0.0113293;0.000730138;-0.0300703;0.0110798;-0.0393884;-0.0182076;-0.0162747;-0.00296895;-0.0179798;-0.0334785;0.0164112;-0.00926841;0.00390625;0.0137174;-0.00487209;-0.000380556;-0.00453575;-0.00350635;-0.000549483;-0.0029592;-0.00785511;-0.00342201;-0.0045633;-0.00517508;-0.00375879;0.00146757;-0.00482098;0.00510786;-0.00960362;-0.00559535;-0.00533598;-0.000412381;-0.00531547;-0.00889759;0.00355099;-0.00330904;0.00115741;0.00455166
-0.00960362;-0.0113293;0.001964;-0.00331664;0.0184295;-0.0215544;0.0179798;0.0740741;-0.0631702;-0.00984713;-0.0393884;-0.0300703;-0.0385964;-0.25;0.259298;0.0154271;2;-2.6943;0.0154271;-0.19245;-0.0154271;-10;10;;-0.0121089;-0.00482098;-0.00769711;-0.00889759;0.00296895;-0.0112664;-0.0334785;0.0385678;-0.0631702;-0.0291545;-0.0237266;0.00390625;-0.259298;0.03125;-0.37037;-0.0749891;-0.19245;0.0749891;2.6943;2;-0.0154271;0.259298;0.37037;0.03125;-0.00618629;0.00115741;-0.00751315;-0.00533598;-0.00355099;-0.00179989;-0.0162747;-0.0164112;-0.000571375;-0.00769711;-0.001964;0.00602622;0.00984713;0.0240563;-0.00984713;0.000571375;-0.0164112;0.0162747;0.0631702;0.0385678;0.0334785;0.0237266;0.0291545;0.00390625;-0.00142949;0.00205141;-0.00345317;-0.00213032;-0.00273695;0.000549483;-0.00342201;-0.00712778;0.00342201;-0.00144899;0.00144899;0.00300703;0.00769711;0.00602622;0.001964;0.00179989;-0.00355099;0.00533598;0.0112664;0.00296895;0.00889759;0.00618629;0.00751315;0.00115741
0.03125;0.37037;-0.259298;-2.6943;0.0154271;-2;-0.0631702;0.0179798;-0.0740741;-0.0385964;-0.25;-0.259298;-0.03125;-0.0237266;-0.00926841;-0.000571375;0.0182076;-0.0184295;-0.00179989;0.00559535;-0.0072642;0.000730138;-0.0113293;-0.0121089;;10;10;-0.0154271;0.0154271;0.19245;0.0749891;0.0997889;-0.0385678;0.08;0.03125;-0.0385964;-0.0300703;-0.0393884;0.0110798;0.0162747;0.0182076;-0.00296895;0.00342201;0.00785511;-0.0045633;0.00510786;-0.00482098;-0.00960362;0.03125;0.08;-0.0385964;-0.0179798;-0.0334785;0.0164112;0.0334785;0.0179798;0.0164112;0.0110798;0.0240563;0.0110798;0.00390625;-0.00926841;0.0137174;0.00889759;0.00531547;0.00355099;0.00533598;0.00559535;-0.000412381;0.00455166;0.00115741;-0.00330904;0.00390625;0.0137174;-0.00926841;-0.00531547;-0.00889759;0.00355099;0.00331664;-0.00331664;0.00712778;0.000730138;0.00602622;0.00510786;0.00602622;0.000730138;0.00510786;0.00277737;0.000123417;0.00273695;0.00343333;0.00219265;0.00122302;0.00240774;0.00205141;-0.000380556
0.08;0.03125;0.0385964;0.0154271;-0.19245;-0.0154271;-0.0334785;-0.0164112;-0.0179798;-0.08;-0.0385964;0.03125;-0.00926841;0.00390625;-0.0137174;-0.0162747;0.00296895;-0.0182076;-0.00533598;0.000412381;-0.00559535;-0.00510786;-0.00960362;-0.00482098;10;;-10;2.6943;2;-0.0154271;-0.0749891;0.0385678;-0.0997889;0.0385964;-0.259298;-0.25;-0.0393884;-0.0300703;-0.0110798;0.000571375;0.0184295;-0.0182076;-0.00342201;0.0045633;-0.00785511;-0.000730138;-0.0121089;-0.0113293;0.37037;0.03125;0.259298;0.0631702;0.0385678;0.0334785;0.0631702;0.0740741;-0.0179798;0.0393884;0.00984713;-0.0300703;-0.0237266;-0.03125;0.00926841;0.0112664;0.016;-0.00531547;0.00179989;0.0072642;-0.00559535;0.00330904;-0.00618629;-0.00925926;0.0291545;0.00390625;0.0237266;0.0112664;0.00296895;0.00889759;0.0215544;0.0184295;0.00331664;0.0121089;0.00769711;-0.00482098;-0.001964;-0.0113293;0.00960362;0.00720243;0.0072642;-0.000123417;0.00374809;0.0058309;-0.00219265;0.00351467;-0.00142949;-0.00487209
-0.0385964;0.259298;-0.25;-2;-0.0154271;-2.6943;-0.0385678;0.0334785;-0.0631702;0.03125;-0.259298;-0.37037;-0.0237266;-0.0291545;0.00390625;0.0164112;0.0162747;-0.000571375;0.00355099;0.00533598;-0.00179989;0.00602622;-0.001964;-0.00769711;10;-10;;-2;-2.6943;-0.0154271;0.19245;0.0749891;0.0749891;0.03125;0.37037;0.259298;0.00984713;-0.00984713;0.0240563;0.0164112;-0.000571375;0.0162747;0.00712778;0.00342201;0.00342201;0.00602622;0.00769711;0.001964;-0.259298;0.0385964;-0.25;-0.0740741;-0.0631702;-0.0179798;-0.0385678;-0.0631702;0.0334785;-0.0300703;0.00984713;0.0393884;0.0291545;0.0237266;0.00390625;-0.00296895;-0.0112664;0.00889759;0.00355099;-0.00179989;0.00533598;0.00115741;0.00751315;0.00618629;-0.0237266;0.00926841;-0.03125;-0.016;-0.0112664;-0.00531547;-0.0184295;-0.0215544;0.00331664;-0.0113293;-0.001964;0.00960362;0.00769711;0.0121089;-0.00482098;-0.0045633;-0.00720243;0.00277737;-0.000412381;-0.00374809;0.00343333;-0.00117956;0.00345317;0.00453575
-0.0179798;0.0631702;-0.0740741;-0.25;-0.0385964;-0.259298;-0.0300703;0.0110798;-0.0393884;-0.0385678;-0.0997889;-0.0749891;-0.0182076;-0.0162747;-0.00296895;0.00390625;0.0137174;-0.00926841;0.00115741;0.00455166;-0.00330904;0.00355099;-0.00531547;-0.00889759;-0.0154271;2.6943;-2;;10;10;0.03125;0.08;-0.0385964;0.19245;-0.0154271;0.0154271;-0.0179798;-0.0334785;0.0164112;0.0240563;0.0110798;0.0110798;0.00602622;0.00510786;0.000730138;0.00712778;0.00331664;-0.00331664;-2.6943;0.0154271;-2;-0.25;-0.259298;-0.0385964;0.03125;-0.0385964;0.08;-0.0385678;0.0749891;0.0997889;0.0334785;0.0179798;0.0164112;0.00390625;-0.00926841;0.0137174;0.00602622;0.000730138;0.00510786;0.00355099;0.00889759;0.00531547;-0.0631702;0.0179798;-0.0740741;-0.03125;-0.0237266;-0.00926841;-0.0300703;-0.0393884;0.0110798;-0.0184295;-0.000571375;0.0182076;0.0162747;0.0182076;-0.00296895;-0.00482098;-0.00960362;0.00510786;0.00115741;-0.00330904;0.00455166;-0.000412381;0.00533598;0.00559535
-0.0334785;0.0385678;-0.0631702;-0.259298;0.03125;-0.37037;0.00984713;0.0240563;-0.00984713;0.0749891;-0.0749891;-0.19245;0.000571375;-0.0164112;0.0162747;0.0291545;0.00390625;0.0237266;0.00751315;0.00115741;0.00618629;0.00889759;0.0112664;0.00296895;0.0154271;2;-2.6943;10;;-10;0.37037;0.03125;0.259298;-0.0154271;2.6943;2;0.0631702;0.0385678;0.0334785;0.00984713;-0.0300703;0.0393884;0.00769711;-0.00482098;0.0121089;0.00331664;0.0215544;0.0184295;0.0154271;-0.19245;-0.0154271;-0.0385964;0.03125;-0.08;-0.259298;-0.25;0.0385964;-0.0997889;-0.0749891;0.0385678;0.0631702;0.0740741;-0.0179798;-0.0237266;-0.03125;0.00926841;-0.001964;-0.0113293;0.00960362;-0.00531547;0.0112664;0.016;-0.0334785;-0.0164112;-0.0179798;-0.00926841;0.00390625;-0.0137174;-0.0393884;-0.0300703;-0.0110798;-0.0182076;-0.0162747;0.00296895;0.000571375;0.0184295;-0.0182076;-0.0121089;-0.0113293;-0.000730138;-0.00618629;-0.00925926;0.00330904;-0.00559535;0.00179989;0.0072642
0.0164112;0.0334785;-0.0179798;-0.0385964;-0.08;0.03125;-0.0393884;-0.0110798;-0.0300703;-0.0997889;-0.0385678;0.0749891;-0.0184295;-0.000571375;-0.0182076;-0.0237266;0.00926841;-0.03125;-0.00618629;0.00330904;-0.00925926;-0.00531547;-0.016;-0.0112664;0.19245;-0.0154271;-0.0154271;10;-10;;-0.259298;0.0385964;-0.25;-0.0154271;-2;-2.6943;-0.0740741;-0.0631702;-0.0179798;0.00984713;0.0393884;-0.0300703;-0.001964;0.00960362;-0.0113293;0.00331664;-0.0184295;-0.0215544;-2;-0.0154271;-2.6943;-0.259298;-0.37037;0.03125;0.37037;0.259298;0.03125;0.0749891;0.19245;0.0749891;-0.0385678;-0.0631702;0.0334785;0.0291545;0.0237266;0.00390625;0.00769711;0.0121089;-0.00482098;0.00889759;-0.00296895;-0.0112664;-0.0385678;0.0334785;-0.0631702;-0.0237266;-0.0291545;0.00390625;0.00984713;-0.00984713;0.0240563;-0.000571375;0.0164112;0.0162747;0.0164112;-0.000571375;0.0162747;0.00769711;0.001964;0.00602622;0.00751315;0.00618629;0.00115741;0.00533598;0.00355099;-0.00179989
0.0334785;0.0631702;-0.0385678;0.03125;-0.259298;0.37037;-0.25;-0.0385964;-0.259298;-2;-0.0154271;2.6943;-0.0997889;-0.0749891;-0.0385678;0.03125;0.08;-0.0385964;0.00390625;0.0137174;-0.00926841;0.0164112;-0.0179798;-0.0334785;0.0749891;-0.0749891;0.19245;0.03125;0.37037;-0.259298;;10;10;-2;-2.6943;0.0154271;-0.0154271;0.0154271;0.19245;0.03125;-0.0385964;0.08;0.0240563;0.0110798;0.0110798;0.0164112;0.0334785;0.0179798;-0.0631702;-0.0334785;-0.0385678;-0.0300703;0.00984713;-0.0393884;-0.25;-0.259298;-0.0385964;-0.0740741;-0.0631702;0.0179798;0.0749891;0.0997889;-0.0385678;-0.0300703;-0.0393884;0.0110798;0.00390625;-0.00926841;0.0137174;-0.00296895;0.0162747;0.0182076;-0.0215544;-0.00331664;-0.0184295;-0.0113293;-0.001964;-0.00960362;-0.03125;-0.0237266;-0.00926841;-0.016;-0.0112664;0.00531547;-0.000571375;0.0182076;-0.0184295;-0.0113293;-0.0121089;0.000730138;-0.00482098;-0.00960362;0.00510786;-0.0045633;0.00342201;0.00785511
0.0179798;0.0740741;-0.0631702;-0.0385964;-0.25;0.259298;-0.259298;0.03125;-0.37037;-2.6943;0.0154271;2;-0.0749891;-0.19245;0.0749891;0.37037;0.03125;0.259298;0.0291545;0.00390625;0.0237266;0.0334785;0.0631702;0.0385678;0.0997889;0.0385678;0.0749891;0.08;0.03125;0.0385964;10;;-10;-0.0154271;0.0154271;-0.19245;2.6943;2;-0.0154271;-0.259298;-0.25;0.0385964;0.00984713;-0.0300703;0.0393884;-0.0179798;0.0631702;0.0740741;0.0179798;-0.0164112;0.0334785;0.0110798;0.0240563;-0.0110798;-0.0385964;0.03125;-0.08;-0.0179798;-0.0334785;-0.0164112;-0.0749891;0.0385678;-0.0997889;-0.0393884;-0.0300703;-0.0110798;-0.0237266;-0.03125;0.00926841;-0.0182076;0.000571375;0.0184295;-0.00331664;-0.00712778;0.00331664;0.000730138;0.00602622;-0.00510786;-0.00926841;0.00390625;-0.0137174;-0.00531547;-0.00889759;-0.00355099;-0.0162747;0.00296895;-0.0182076;-0.00960362;-0.00482098;-0.00510786;-0.0121089;-0.0113293;-0.000730138;-0.00785511;-0.00342201;0.0045633
0.0164112;-0.0179798;0.0334785;0.08;0.0385964;0.03125;-0.0385964;-0.08;0.03125;-0.0154271;0.19245;-0.0154271;-0.0385678;0.0749891;-0.0997889;-0.259298;0.0385964;-0.25;-0.0237266;0.00926841;-0.03125;-0.0179798;-0.0740741;-0.0631702;-0.0385678;-0.0997889;0.0749891;-0.0385964;0.259298;-0.25;10;-10;;-2.6943;-2;-0.0154271;-2;-2.6943;-0.0154271;0.37037;0.259298;0.03125;0.00984713;0.0393884;-0.0300703;0.0334785;-0.0385678;-0.0631702;-0.0740741;-0.0179798;-0.0631702;-0.0393884;-0.00984713;-0.0300703;-0.259298;-0.37037;0.03125;-0.0631702;-0.0385678;0.0334785;0.19245;0.0749891;0.0749891;0.00984713;-0.00984713;0.0240563;0.0291545;0.0237266;0.00390625;0.0162747;0.0164112;-0.000571375;-0.0184295;0.00331664;-0.0215544;-0.0121089;-0.00769711;-0.00482098;-0.0237266;-0.0291545;0.00390625;-0.0112664;-0.00296895;0.00889759;0.0164112;0.0162747;-0.000571375;-0.001964;-0.00769711;0.00602622;0.00769711;0.001964;0.00602622;0.00342201;0.00712778;0.00342201
0.0110798;0.0393884;-0.0300703;-0.0385678;-0.0997889;0.0749891;-0.0740741;-0.0179798;-0.0631702;-0.25;-0.0385964;0.259298;-0.0393884;-0.00984713;-0.0300703;-0.0385678;0.0334785;-0.0631702;-0.00296895;0.00889759;-0.0112664;0.00390625;-0.0237266;-0.0291545;0.08;0.0385964;0.03125;0.19245;-0.0154271;-0.0154271;-2;-0.0154271;-2.6943;;10;-10;-0.259298;-0.37037;0.03125;0.19245;0.0749891;0.0749891;0.0164112;0.0162747;-0.000571375;0.0240563;0.00984713;-0.00984713;-0.0385964;-0.08;0.03125;-0.0385678;0.0749891;-0.0997889;-2;-2.6943;-0.0154271;-0.25;-0.259298;0.0385964;0.37037;0.259298;0.03125;-0.0385678;-0.0631702;0.0334785;0.0164112;-0.000571375;0.0162747;0.00390625;0.0291545;0.0237266;-0.0393884;-0.0110798;-0.0300703;-0.0184295;-0.000571375;-0.0182076;-0.0740741;-0.0631702;-0.0179798;-0.03125;-0.0237266;0.00926841;0.00984713;0.0393884;-0.0300703;-0.0184295;-0.0215544;0.00331664;-0.00296895;-0.0112664;0.00889759;-0.00482098;0.00769711;0.0121089
0.0240563;0.00984713;0.00984713;0.0749891;-0.0749891;0.19245;-0.0631702;-0.0334785;-0.0385678;-0.259298;0.03125;0.37037;-0.0300703;0.00984713;-0.0393884;-0.0631702;0.0179798;-0.0740741;-0.0112664;0.00531547;-0.016;-0.00926841;-0.03125;-0.0237266;0.03125;-0.259298;0.37037;-0.0154271;2.6943;-2;-2.6943;0.0154271;-2;10;;10;-0.25;-0.259298;-0.0385964;0.0749891;0.0997889;-0.0385678;-0.000571375;0.0182076;-0.0184295;0.0110798;-0.0300703;-0.0393884;-0.25;-0.0385964;-0.259298;-0.0997889;-0.0749891;-0.0385678;-0.0154271;0.0154271;0.19245;-0.0385964;0.03125;0.08;0.03125;-0.0385964;0.08;0.0334785;0.0179798;0.0164112;0.0162747;0.0182076;-0.00296895;0.0137174;0.00390625;-0.00926841;-0.0300703;0.0110798;-0.0393884;-0.0182076;-0.0162747;-0.00296895;-0.0179798;-0.0334785;0.0164112;-0.00926841;0.00390625;0.0137174;0.0240563;0.0110798;0.0110798;0.00331664;-0.00331664;0.00712778;0.00889759;0.00531547;0.00355099;0.00510786;0.00602622;0.000730138
0.0110798;-0.0300703;0.0393884;0.0997889;0.0385678;0.0749891;0.0179798;-0.0164112;0.0334785;0.0385964;0.08;0.03125;0.0110798;0.0240563;-0.0110798;-0.0334785;-0.0164112;-0.0179798;-0.00889759;-0.00355099;-0.00531547;-0.0137174;-0.00926841;0.00390625;-0.0385964;-0.25;0.259298;0.0154271;2;-2.6943;0.0154271;-0.19245;-0.0154271;-10;10;;-0.0385964;0.03125;-0.08;-0.0749891;0.0385678;-0.0997889;-0.0162747;0.00296895;-0.0182076;-0.0110798;-0.0393884;-0.0300703;-0.259298;0.03125;-0.37037;-0.0749891;-0.19245;0.0749891;2.6943;2;-0.0154271;0.259298;0.37037;0.03125;-0.259298;-0.25;0.0385964;0.0631702;0.0740741;-0.0179798;0.000571375;0.0184295;-0.0182076;0.00926841;-0.0237266;-0.03125;0.00984713;0.0240563;-0.00984713;0.000571375;-0.0164112;0.0162747;0.0631702;0.0385678;0.0334785;0.0237266;0.0291545;0.00390625;0.00984713;-0.0300703;0.0393884;0.0215544;0.0184295;0.00331664;0.0112664;0.016;-0.00531547;0.00960362;-0.001964;-0.0113293
0.00390625;-0.0237266;0.0291545;0.0334785;0.0631702;-0.0385678;0.0749891;-0.0749891;0.19245;0.37037;0.03125;-0.259298;0.03125;0.37037;-0.259298;-2.6943;0.0154271;-2;-0.0631702;0.0179798;-0.0740741;-0.0385964;-0.25;-0.259298;-0.0300703;-0.0393884;0.00984713;-0.0179798;0.0631702;-0.0740741;-0.0154271;2.6943;-2;-0.259298;-0.25;-0.0385964;;10;10;-0.0154271;0.0154271;0.19245;0.0749891;0.0997889;-0.0385678;0.08;0.03125;-0.0385964;-0.03125;-0.00926841;-0.0237266;-0.0182076;0.000571375;-0.0184295;-0.0997889;-0.0749891;-0.0385678;-0.0393884;-0.0300703;0.0110798;0.03125;0.08;-0.0385964;-0.0179798;-0.0334785;0.0164112;0.0334785;0.0179798;0.0164112;0.0110798;0.0240563;0.0110798;-0.0113293;0.000730138;-0.0121089;-0.00785511;-0.00342201;-0.0045633;-0.0182076;-0.0162747;-0.00296895;-0.00960362;-0.00482098;0.00510786;0.00390625;0.0137174;-0.00926841;-0.00531547;-0.00889759;0.00355099;0.00331664;-0.00331664;0.00712778;0.000730138;0.00602622;0.00510786
-0.00926841;-0.03125;0.0237266;0.0179798;0.0740741;-0.0631702;0.0997889;0.0385678;0.0749891;0.259298;-0.0385964;-0.25;0.08;0.03125;0.0385964;0.0154271;-0.19245;-0.0154271;-0.0334785;-0.0164112;-0.0179798;-0.08;-0.0385964;0.03125;-0.0393884;-0.0300703;-0.00984713;-0.0334785;0.0385678;-0.0631702;0.0154271;2;-2.6943;-0.37037;-0.259298;0.03125;10;;-10;2.6943;2;-0.0154271;-0.0749891;0.0385678;-0.0997889;0.0385964;-0.259298;-0.25;-0.0237266;0.00390625;-0.0291545;-0.0162747;-0.0164112;-0.000571375;-0.0749891;-0.19245;0.0749891;-0.00984713;0.00984713;0.0240563;0.37037;0.03125;0.259298;0.0631702;0.0385678;0.0334785;0.0631702;0.0740741;-0.0179798;0.0393884;0.00984713;-0.0300703;-0.001964;0.00602622;-0.00769711;-0.00342201;-0.00712778;0.00342201;0.000571375;-0.0164112;0.0162747;0.001964;0.00769711;0.00602622;0.0291545;0.00390625;0.0237266;0.0112664;0.00296895;0.00889759;0.0215544;0.0184295;0.00331664;0.0121089;0.00769711;-0.00482098
0.0137174;0.00926841;0.00390625;0.0164112;-0.0179798;0.0334785;-0.0385678;-0.0997889;0.0749891;0.03125;0.08;0.0385964;-0.0385964;0.259298;-0.25;-2;-0.0154271;-2.6943;-0.0385678;0.0334785;-0.0631702;0.03125;-0.259298;-0.37037;0.0110798;-0.0110798;0.0240563;0.0164112;0.0334785;-0.0179798;0.19245;-0.0154271;-0.0154271;0.03125;-0.0385964;-0.08;10;-10;;-2;-2.6943;-0.0154271;0.19245;0.0749891;0.0749891;0.03125;0.37037;0.259298;-0.00926841;-0.0137174;0.00390625;-0.00296895;0.0162747;-0.0182076;-0.0385678;0.0749891;-0.0997889;-0.0300703;-0.0393884;-0.0110798;-0.259298;0.0385964;-0.25;-0.0740741;-0.0631702;-0.0179798;-0.0385678;-0.0631702;0.0334785;-0.0300703;0.00984713;0.0393884;-0.00960362;-0.00510786;-0.00482098;-0.0045633;0.00342201;-0.00785511;-0.0184295;-0.000571375;-0.0182076;-0.0113293;-0.0121089;-0.000730138;-0.0237266;0.00926841;-0.03125;-0.016;-0.0112664;-0.00531547;-0.0184295;-0.0215544;0.00331664;-0.0113293;-0.001964;0.00960362
0.00889759;0.0112664;-0.00296895;0.00390625;-0.0237266;0.0291545;-0.0300703;-0.0393884;0.00984713;-0.0385678;0.0334785;0.0631702;-0.0179798;0.0631702;-0.0740741;-0.25;-0.0385964;-0.259298;-0.0300703;0.0110798;-0.0393884;-0.0385678;-0.0997889;-0.0749891;0.0162747;0.000571375;0.0164112;0.0240563;0.00984713;0.00984713;0.03125;-0.259298;0.37037;0.19245;0.0749891;-0.0749891;-0.0154271;2.6943;-2;;10;10;0.03125;0.08;-0.0385964;0.19245;-0.0154271;0.0154271;-0.000571375;-0.0162747;0.0164112;0.00390625;0.0291545;-0.0237266;0.03125;0.37037;-0.259298;-0.0385678;-0.0631702;-0.0334785;-2.6943;0.0154271;-2;-0.25;-0.259298;-0.0385964;0.03125;-0.0385964;0.08;-0.0385678;0.0749891;0.0997889;-0.0112664;-0.00889759;-0.00296895;-0.00482098;0.00769711;-0.0121089;-0.0300703;0.00984713;-0.0393884;-0.0184295;-0.0215544;-0.00331664;-0.0631702;0.0179798;-0.0740741;-0.03125;-0.0237266;-0.00926841;-0.0300703;-0.0393884;0.0110798;-0.0184295;-0.000571375;0.0182076
0.00531547;0.016;-0.0112664;-0.00926841;-0.03125;0.0237266;-0.0393884;-0.0300703;-0.00984713;-0.0631702;0.0179798;0.0740741;-0.0334785;0.0385678;-0.0631702;-0.259298;0.03125;-0.37037;0.00984713;0.0240563;-0.00984713;0.0749891;-0.0749891;-0.19245;0.0182076;0.0184295;-0.000571375;0.0110798;-0.0300703;0.0393884;-0.0385964;-0.25;0.259298;0.0749891;0.0997889;0.0385678;0.0154271;2;-2.6943;10;;-10;0.37037;0.03125;0.259298;-0.0154271;2.6943;2;0.0182076;0.00296895;0.0162747;0.0137174;0.00390625;0.00926841;0.08;0.03125;0.0385964;0.0334785;0.0179798;-0.0164112;0.0154271;-0.19245;-0.0154271;-0.0385964;0.03125;-0.08;-0.259298;-0.25;0.0385964;-0.0997889;-0.0749891;0.0385678;0.00531547;-0.00355099;0.00889759;0.00510786;0.00602622;-0.000730138;0.0110798;0.0240563;-0.0110798;0.00331664;-0.00331664;-0.00712778;-0.0334785;-0.0164112;-0.0179798;-0.00926841;0.00390625;-0.0137174;-0.0393884;-0.0300703;-0.0110798;-0.0182076;-0.0162747;0.00296895
0.00355099;-0.00531547;0.00889759;0.0137174;0.00926841;0.00390625;0.0110798;-0.0110798;0.0240563;0.0334785;0.0164112;-0.0179798;0.0164112;0.0334785;-0.0179798;-0.0385964;-0.08;0.03125;-0.0393884;-0.0110798;-0.0300703;-0.0997889;-0.0385678;0.0749891;-0.00296895;-0.0182076;0.0162747;0.0110798;0.0393884;-0.0300703;0.08;0.0385964;0.03125;0.0749891;-0.0385678;-0.0997889;0.19245;-0.0154271;-0.0154271;10;-10;;-0.259298;0.0385964;-0.25;-0.0154271;-2;-2.6943;-0.0184295;-0.0182076;-0.000571375;-0.00926841;0.0237266;-0.03125;-0.0385964;0.259298;-0.25;-0.0631702;-0.0740741;-0.0179798;-2;-0.0154271;-2.6943;-0.259298;-0.37037;0.03125;0.37037;0.259298;0.03125;0.0749891;0.19245;0.0749891;-0.016;-0.00531547;-0.0112664;-0.00960362;0.001964;-0.0113293;-0.0393884;-0.00984713;-0.0300703;-0.0215544;-0.0184295;0.00331664;-0.0385678;0.0334785;-0.0631702;-0.0237266;-0.0291545;0.00390625;0.00984713;-0.00984713;0.0240563;-0.000571375;0.0164112;0.0162747
0.00533598;0.00179989;0.00355099;0.00602622;-0.001964;0.00769711;0.00390625;-0.0237266;0.0291545;0.0164112;0.0162747;0.000571375;0.0334785;0.0631702;-0.0385678;0.03125;-0.259298;0.37037;-0.25;-0.0385964;-0.259298;-2;-0.0154271;2.6943;0.00342201;-0.00342201;0.00712778;0.00602622;0.00769711;-0.001964;0.0240563;0.00984713;0.00984713;0.0164112;-0.000571375;-0.0162747;0.0749891;-0.0749891;0.19245;0.03125;0.37037;-0.259298;;10;10;-2;-2.6943;0.0154271;-0.00179989;-0.00533598;0.00355099;0.00115741;0.00751315;-0.00618629;0.00390625;0.0291545;-0.0237266;-0.00296895;-0.0112664;-0.00889759;-0.0631702;-0.0334785;-0.0385678;-0.0300703;0.00984713;-0.0393884;-0.25;-0.259298;-0.0385964;-0.0740741;-0.0631702;0.0179798;-0.00374809;-0.00343333;-0.000412381;-0.00117956;0.00345317;-0.00453575;-0.00482098;0.00769711;-0.0121089;-0.0045633;-0.00720243;-0.00277737;-0.0215544;-0.00331664;-0.0184295;-0.0113293;-0.001964;-0.00960362;-0.03125;-0.0237266;-0.00926841;-0.016;-0.0112664;0.00531547
0.00559535;0.0072642;-0.00179989;0.000730138;-0.0113293;0.0121089;-0.00926841;-0.03125;0.0237266;-0.000571375;0.0182076;0.0184295;0.0179798;0.0740741;-0.0631702;-0.0385964;-0.25;0.259298;-0.259298;0.03125;-0.37037;-2.6943;0.0154271;2;0.00785511;0.0045633;0.00342201;0.00510786;-0.00482098;0.00960362;0.0110798;-0.0300703;0.0393884;0.0162747;0.0182076;0.00296895;0.0997889;0.0385678;0.0749891;0.08;0.03125;0.0385964;10;;-10;-0.0154271;0.0154271;-0.19245;0.00559535;0.000412381;0.00533598;0.00455166;0.00115741;0.00330904;0.0137174;0.00390625;0.00926841;0.00889759;0.00531547;-0.00355099;0.0179798;-0.0164112;0.0334785;0.0110798;0.0240563;-0.0110798;-0.0385964;0.03125;-0.08;-0.0179798;-0.0334785;-0.0164112;0.00219265;-0.00122302;0.00343333;0.00240774;0.00205141;0.000380556;0.00510786;0.00602622;-0.000730138;0.00277737;0.000123417;-0.00273695;-0.00331664;-0.00712778;0.00331664;0.000730138;0.00602622;-0.00510786;-0.00926841;0.00390625;-0.0137174;-0.00531547;-0.00889759;-0.00355099
-0.000412381;-0.00559535;0.00533598;0.00510786;0.00960362;-0.00482098;0.0137174;0.00926841;0.00390625;0.0162747;-0.00296895;-0.0182076;0.0164112;-0.0179798;0.0334785;0.08;0.0385964;0.03125;-0.0385964;-0.08;0.03125;-0.0154271;0.19245;-0.0154271;-0.0045633;-0.00785511;0.00342201;0.000730138;0.0121089;-0.0113293;0.0110798;0.0393884;-0.0300703;-0.000571375;-0.0184295;-0.0182076;-0.0385678;-0.0997889;0.0749891;-0.0385964;0.259298;-0.25;10;-10;;-2.6943;-2;-0.0154271;-0.0072642;-0.00559535;-0.00179989;-0.00330904;0.00618629;-0.00925926;-0.00926841;0.0237266;-0.03125;-0.0112664;-0.016;-0.00531547;-0.0740741;-0.0179798;-0.0631702;-0.0393884;-0.00984713;-0.0300703;-0.259298;-0.37037;0.03125;-0.0631702;-0.0385678;0.0334785;-0.0058309;-0.00219265;-0.00374809;-0.00351467;0.00142949;-0.00487209;-0.00960362;0.001964;-0.0113293;-0.00720243;-0.0072642;-0.000123417;-0.0184295;0.00331664;-0.0215544;-0.0121089;-0.00769711;-0.00482098;-0.0237266;-0.0291545;0.00390625;-0.0112664;-0.00296895;0.00889759
0.00455166;0.00330904;0.00115741;0.00355099;-0.00531547;0.00889759;-0.00296895;-0.0182076;0.0162747;0.00390625;0.0137174;0.00926841;0.0110798;0.0393884;-0.0300703;-0.0385678;-0.0997889;0.0749891;-0.0740741;-0.0179798;-0.0631702;-0.25;-0.0385964;0.259298;0.00510786;-0.000730138;0.00602622;0.00712778;0.00331664;0.00331664;0.0164112;-0.0179798;0.0334785;0.0240563;0.0110798;-0.0110798;0.08;0.0385964;0.03125;0.19245;-0.0154271;-0.0154271;-2;-0.0154271;-2.6943;;10;-10;0.000730138;-0.00510786;0.00602622;0.00355099;0.00889759;-0.00531547;0.0164112;0.0334785;-0.0179798;0.00390625;-0.00926841;-0.0137174;-0.0385964;-0.08;0.03125;-0.0385678;0.0749891;-0.0997889;-2;-2.6943;-0.0154271;-0.25;-0.259298;0.0385964;-0.00330904;-0.00455166;0.00115741;-0.000412381;0.00533598;-0.00559535;-0.00296895;0.0162747;-0.0182076;-0.00482098;-0.00960362;-0.00510786;-0.0393884;-0.0110798;-0.0300703;-0.0184295;-0.000571375;-0.0182076;-0.0740741;-0.0631702;-0.0179798;-0.03125;-0.0237266;0.00926841
0.00115741;-0.00618629;0.00751315;0.00889759;0.0112664;-0.00296895;0.0162747;0.000571375;0.0164112;0.0291545;0.00390625;-0.0237266;0.0240563;0.00984713;0.00984713;0.0749891;-0.0749891;0.19245;-0.0631702;-0.0334785;-0.0385678;-0.259298;0.03125;0.37037;-0.00482098;-0.0121089;0.00769711;0.00331664;0.0215544;-0.0184295;0.0334785;0.0631702;-0.0385678;0.00984713;-0.0300703;-0.0393884;0.03125;-0.259298;0.37037;-0.0154271;2.6943;-2;-2.6943;0.0154271;-2;10;;10;-0.0113293;-0.00960362;-0.001964;-0.00531547;0.0112664;-0.016;-0.0179798;0.0631702;-0.0740741;-0.0237266;-0.03125;-0.00926841;-0.25;-0.0385964;-0.259298;-0.0997889;-0.0749891;-0.0385678;-0.0154271;0.0154271;0.19245;-0.0385964;0.03125;0.08;-0.00925926;-0.00330904;-0.00618629;-0.00559535;0.00179989;-0.0072642;-0.0182076;0.000571375;-0.0184295;-0.0121089;-0.0113293;0.000730138;-0.0300703;0.0110798;-0.0393884;-0.0182076;-0.0162747;-0.00296895;-0.0179798;-0.0334785;0.0164112;-0.00926841;0.00390625;0.0137174
-0.00330904;-0.00925926;0.00618629;0.00531547;0.016;-0.0112664;0.0182076;0.0184295;-0.000571375;0.0237266;-0.00926841;-0.03125;0.0110798;-0.0300703;0.0393884;0.0997889;0.0385678;0.0749891;0.0179798;-0.0164112;0.0334785;0.0385964;0.08;0.03125;-0.00960362;-0.0113293;0.001964;-0.00331664;0.0184295;-0.0215544;0.0179798;0.0740741;-0.0631702;-0.00984713;-0.0393884;-0.0300703;-0.0385964;-0.25;0.259298;0.0154271;2;-2.6943;0.0154271;-0.19245;-0.0154271;-10;10;;-0.0121089;-0.00482098;-0.00769711;-0.00889759;0.00296895;-0.0112664;-0.0334785;0.0385678;-0.0631702;-0.0291545;-0.0237266;0.00390625;-0.259298;0.03125;-0.37037;-0.0749891;-0.19245;0.0749891;2.6943;2;-0.0154271;0.259298;0.37037;0.03125;-0.00618629;0.00115741;-0.00751315;-0.00533598;-0.00355099;-0.00179989;-0.0162747;-0.0164112;-0.000571375;-0.00769711;-0.001964;0.00602622;0.00984713;0.0240563;-0.00984713;0.000571375;-0.0164112;0.0162747;0.0631702;0.0385678;0.0334785;0.0237266;0.0291545;0.00390625
0.00390625;0.0291545;-0.0237266;-0.0631702;-0.0334785;-0.0385678;-0.0215544;-0.00331664;-0.0184295;-0.0393884;-0.0300703;0.00984713;-0.0113293;-0.001964;-0.00960362;-0.0112664;0.00531547;-0.016;-0.00374809;0.00219265;-0.0058309;-0.00330904;-0.00925926;-0.00618629;0.03125;0.37037;-0.259298;-2.6943;0.0154271;-2;-0.0631702;0.0179798;-0.0740741;-0.0385964;-0.25;-0.259298;-0.03125;-0.0237266;-0.00926841;-0.000571375;0.0182076;-0.0184295;-0.00179989;0.00559535;-0.0072642;0.000730138;-0.0113293;-0.0121089;;10;10;-0.0154271;0.0154271;0.19245;0.0749891;0.0997889;-0.0385678;0.08;0.03125;-0.0385964;-0.0300703;-0.0393884;0.0110798;0.0162747;0.0182076;-0.00296895;0.00342201;0.00785511;-0.0045633;0.00510786;-0.00482098;-0.00960362;0.03125;0.08;-0.0385964;-0.0179798;-0.0334785;0.0164112;0.0334785;0.0179798;0.0164112;0.0110798;0.0240563;0.0110798;0.00390625;-0.00926841;0.0137174;0.00889759;0.00531547;0.00355099;0.00533598;0.00559535;-0.000412381;0.00455166;0.00115741;-0.00330904
0.0137174;0.00390625;0.00926841;0.0179798;-0.0164112;0.0334785;-0.00331664;-0.00712778;0.00331664;-0.0110798;0.0110798;0.0240563;0.000730138;0.00602622;-0.00510786;-0.00889759;-0.00355099;-0.00531547;-0.00343333;-0.00122302;-0.00219265;-0.00455166;-0.00330904;0.00115741;0.08;0.03125;0.0385964;0.0154271;-0.19245;-0.0154271;-0.0334785;-0.0164112;-0.0179798;-0.08;-0.0385964;0.03125;-0.00926841;0.00390625;-0.0137174;-0.0162747;0.00296895;-0.0182076;-0.00533598;0.000412381;-0.00559535;-0.00510786;-0.00960362;-0.00482098;10;;-10;2.6943;2;-0.0154271;-0.0749891;0.0385678;-0.0997889;0.0385964;-0.259298;-0.25;-0.0393884;-0.0300703;-0.0110798;0.000571375;0.0184295;-0.0182076;-0.00342201;0.0045633;-0.00785511;-0.000730138;-0.0121089;-0.0113293;0.37037;0.03125;0.259298;0.0631702;0.0385678;0.0334785;0.0631702;0.0740741;-0.0179798;0.0393884;0.00984713;-0.0300703;-0.0237266;-0.03125;0.00926841;0.0112664;0.016;-0.00531547;0.00179989;0.0072642;-0.00559535;0.00330904;-0.00618629;-0.00925926
-0.00926841;0.0237266;-0.03125;-0.0740741;-0.0179798;-0.0631702;-0.0184295;0.00331664;-0.0215544;-0.0300703;-0.0393884;-0.00984713;-0.0121089;-0.00769711;-0.00482098;-0.00296895;0.00889759;-0.0112664;-0.000412381;0.00343333;-0.00374809;0.00115741;-0.00618629;-0.00751315;-0.0385964;0.259298;-0.25;-2;-0.0154271;-2.6943;-0.0385678;0.0334785;-0.0631702;0.03125;-0.259298;-0.37037;-0.0237266;-0.0291545;0.00390625;0.0164112;0.0162747;-0.000571375;0.00355099;0.00533598;-0.00179989;0.00602622;-0.001964;-0.00769711;10;-10;;-2;-2.6943;-0.0154271;0.19245;0.0749891;0.0749891;0.03125;0.37037;0.259298;0.00984713;-0.00984713;0.0240563;0.0164112;-0.000571375;0.0162747;0.00712778;0.00342201;0.00342201;0.00602622;0.00769711;0.001964;-0.259298;0.0385964;-0.25;-0.0740741;-0.0631702;-0.0179798;-0.0385678;-0.0631702;0.0334785;-0.0300703;0.00984713;0.0393884;0.0291545;0.0237266;0.00390625;-0.00296895;-0.0112664;0.00889759;0.00355099;-0.00179989;0.00533598;0.00115741;0.00751315;0.00618629
-0.00531547;0.0112664;-0.016;-0.03125;-0.00926841;-0.0237266;-0.0113293;0.000730138;-0.0121089;-0.0184295;-0.0182076;0.000571375;-0.00785511;-0.00342201;-0.0045633;-0.00482098;0.00510786;-0.00960362;-0.00117956;0.00240774;-0.00351467;-0.000412381;-0.00559535;-0.00533598;-0.0179798;0.0631702;-0.0740741;-0.25;-0.0385964;-0.259298;-0.0300703;0.0110798;-0.0393884;-0.0385678;-0.0997889;-0.0749891;-0.0182076;-0.0162747;-0.00296895;0.00390625;0.0137174;-0.00926841;0.00115741;0.00455166;-0.00330904;0.00355099;-0.00531547;-0.00889759;-0.0154271;2.6943;-2;;10;10;0.03125;0.08;-0.0385964;0.19245;-0.0154271;0.0154271;-0.0179798;-0.0334785;0.0164112;0.0240563;0.0110798;0.0110798;0.00602622;0.00510786;0.000730138;0.00712778;0.00331664;-0.00331664;-2.6943;0.0154271;-2;-0.25;-0.259298;-0.0385964;0.03125;-0.0385964;0.08;-0.0385678;0.0749891;0.0997889;0.0334785;0.0179798;0.0164112;0.00390625;-0.00926841;0.0137174;0.00602622;0.000730138;0.00510786;0.00355099;0.00889759;0.00531547
-0.00889759;0.00296895;-0.0112664;-0.0237266;0.00390625;-0.0291545;-0.001964;0.00602622;-0.00769711;-0.000571375;-0.0162747;-0.0164112;-0.00342201;-0.00712778;0.00342201;0.00769711;0.00602622;0.001964;0.00345317;0.00205141;0.00142949;0.00533598;0.00179989;-0.00355099;-0.0334785;0.0385678;-0.0631702;-0.259298;0.03125;-0.37037;0.00984713;0.0240563;-0.00984713;0.0749891;-0.0749891;-0.19245;0.000571375;-0.0164112;0.0162747;0.0291545;0.00390625;0.0237266;0.00751315;0.00115741;0.00618629;0.00889759;0.0112664;0.00296895;0.0154271;2;-2.6943;10;;-10;0.37037;0.03125;0.259298;-0.0154271;2.6943;2;0.0631702;0.0385678;0.0334785;0.00984713;-0.0300703;0.0393884;0.00769711;-0.00482098;0.0121089;0.00331664;0.0215544;0.0184295;0.0154271;-0.19245;-0.0154271;-0.0385964;0.03125;-0.08;-0.259298;-0.25;0.0385964;-0.0997889;-0.0749891;0.0385678;0.0631702;0.0740741;-0.0179798;-0.0237266;-0.03125;0.00926841;-0.001964;-0.0113293;0.00960362;-0.00531547;0.0112664;0.016
0.00355099;0.00889759;-0.00531547;-0.00926841;-0.0137174;0.00390625;-0.00960362;-0.00510786;-0.00482098;-0.0182076;-0.00296895;0.0162747;-0.0045633;0.00342201;-0.00785511;-0.0121089;-0.000730138;-0.0113293;-0.00453575;0.000380556;-0.00487209;-0.00559535;-0.0072642;-0.00179989;0.0164112;0.0334785;-0.0179798;-0.0385964;-0.08;0.03125;-0.0393884;-0.0110798;-0.0300703;-0.0997889;-0.0385678;0.0749891;-0.0184295;-0.000571375;-0.0182076;-0.0237266;0.00926841;-0.03125;-0.00618629;0.00330904;-0.00925926;-0.00531547;-0.016;-0.0112664;0.19245;-0.0154271;-0.0154271;10;-10;;-0.259298;0.0385964;-0.25;-0.0154271;-2;-2.6943;-0.0740741;-0.0631702;-0.0179798;0.00984713;0.0393884;-0.0300703;-0.001964;0.00960362;-0.0113293;0.00331664;-0.0184295;-0.0215544;-2;-0.0154271;-2.6943;-0.259298;-0.37037;0.03125;0.37037;0.259298;0.03125;0.0749891;0.19245;0.0749891;-0.0385678;-0.0631702;0.0334785;0.0291545;0.0237266;0.00390625;0.00769711;0.0121089;-0.00482098;0.00889759;-0.00296895;-0.0112664
0.00331664;0.0215544;-0.0184295;-0.0300703;-0.0393884;0.00984713;-0.03125;-0.00926841;-0.0237266;-0.0740741;-0.0179798;0.0631702;-0.0182076;0.000571375;-0.0184295;-0.0300703;0.0110798;-0.0393884;-0.00482098;0.00510786;-0.00960362;-0.00296895;-0.0182076;-0.0162747;0.0334785;0.0631702;-0.0385678;0.03125;-0.259298;0.37037;-0.25;-0.0385964;-0.259298;-2;-0.0154271;2.6943;-0.0997889;-0.0749891;-0.0385678;0.03125;0.08;-0.0385964;0.00390625;0.0137174;-0.00926841;0.0164112;-0.0179798;-0.0334785;0.0749891;-0.0749891;0.19245;0.03125;0.37037;-0.259298;;10;10;-2;-2.6943;0.0154271;-0.0154271;0.0154271;0.19245;0.03125;-0.0385964;0.08;0.0240563;0.0110798;0.0110798;0.0164112;0.0334785;0.0179798;-0.0631702;-0.0334785;-0.0385678;-0.0300703;0.00984713;-0.0393884;-0.25;-0.259298;-0.0385964;-0.0740741;-0.0631702;0.0179798;0.0749891;0.0997889;-0.0385678;-0.0300703;-0.0393884;0.0110798;0.00390625;-0.00926841;0.0137174;-0.00296895;0.0162747;0.0182076
-0.00331664;0.0184295;-0.0215544;-0.0393884;-0.0300703;-0.00984713;-0.0237266;0.00390625;-0.0291545;-0.0631702;-0.0334785;0.0385678;-0.0162747;-0.0164112;-0.000571375;0.00984713;0.0240563;-0.00984713;0.00769711;0.00602622;0.001964;0.0162747;0.000571375;-0.0164112;0.0179798;0.0740741;-0.0631702;-0.0385964;-0.25;0.259298;-0.259298;0.03125;-0.37037;-2.6943;0.0154271;2;-0.0749891;-0.19245;0.0749891;0.37037;0.03125;0.259298;0.0291545;0.00390625;0.0237266;0.0334785;0.0631702;0.0385678;0.0997889;0.0385678;0.0749891;0.08;0.03125;0.0385964;10;;-10;-0.0154271;0.0154271;-0.19245;2.6943;2;-0.0154271;-0.259298;-0.25;0.0385964;0.00984713;-0.0300703;0.0393884;-0.0179798;0.0631702;0.0740741;0.0179798;-0.0164112;0.0334785;0.0110798;0.0240563;-0.0110798;-0.0385964;0.03125;-0.08;-0.0179798;-0.0334785;-0.0164112;-0.0749891;0.0385678;-0.0997889;-0.0393884;-0.0300703;-0.0110798;-0.0237266;-0.03125;0.00926841;-0.0182076;0.000571375;0.0184295
0.00712778;0.00331664;0.00331664;0.0110798;-0.0110798;0.0240563;-0.00926841;-0.0137174;0.00390625;-0.0179798;0.0164112;0.0334785;-0.00296895;0.0162747;-0.0182076;-0.0393884;-0.0110798;-0.0300703;-0.0121089;-0.000730138;-0.0113293;-0.0182076;-0.0184295;-0.000571375;0.0164112;-0.0179798;0.0334785;0.08;0.0385964;0.03125;-0.0385964;-0.08;0.03125;-0.0154271;0.19245;-0.0154271;-0.0385678;0.0749891;-0.0997889;-0.259298;0.0385964;-0.25;-0.0237266;0.00926841;-0.03125;-0.0179798;-0.0740741;-0.0631702;-0.0385678;-0.0997889;0.0749891;-0.0385964;0.259298;-0.25;10;-10;;-2.6943;-2;-0.0154271;-2;-2.6943;-0.0154271;0.37037;0.259298;0.03125;0.00984713;0.0393884;-0.0300703;0.0334785;-0.0385678;-0.0631702;-0.0740741;-0.0179798;-0.0631702;-0.0393884;-0.00984713;-0.0300703;-0.259298;-0.37037;0.03125;-0.0631702;-0.0385678;0.0334785;0.19245;0.0749891;0.0749891;0.00984713;-0.00984713;0.0240563;0.0291545;0.0237266;0.00390625;0.0162747;0.0164112;-0.000571375
0.000730138;0.0121089;-0.0113293;-0.0184295;-0.0182076;-0.000571375;-0.016;-0.00531547;-0.0112664;-0.03125;-0.00926841;0.0237266;-0.00960362;0.001964;-0.0113293;-0.0184295;0.00331664;-0.0215544;-0.0045633;0.00277737;-0.00720243;-0.00482098;-0.0121089;-0.00769711;0.0110798;0.0393884;-0.0300703;-0.0385678;-0.0997889;0.0749891;-0.0740741;-0.0179798;-0.0631702;-0.25;-0.0385964;0.259298;-0.0393884;-0.00984713;-0.0300703;-0.0385678;0.0334785;-0.0631702;-0.00296895;0.00889759;-0.0112664;0.00390625;-0.0237266;-0.0291545;0.08;0.0385964;0.03125;0.19245;-0.0154271;-0.0154271;-2;-0.0154271;-2.6943;;10;-10;-0.259298;-0.37037;0.03125;0.19245;0.0749891;0.0749891;0.0164112;0.0162747;-0.000571375;0.0240563;0.00984713;-0.00984713;-0.0385964;-0.08;0.03125;-0.0385678;0.0749891;-0.0997889;-2;-2.6943;-0.0154271;-0.25;-0.259298;0.0385964;0.37037;0.259298;0.03125;-0.0385678;-0.0631702;0.0334785;0.0164112;-0.000571375;0.0162747;0.00390625;0.0291545;0.0237266
0.00602622;0.00769711;-0.001964;-0.000571375;-0.0162747;0.0164112;-0.0112664;-0.00889759;-0.00296895;-0.0237266;0.00390625;0.0291545;-0.00482098;0.00769711;-0.0121089;-0.0215544;-0.00331664;-0.0184295;-0.00720243;0.000123417;-0.0072642;-0.00960362;-0.0113293;-0.001964;0.0240563;0.00984713;0.00984713;0.0749891;-0.0749891;0.19245;-0.0631702;-0.0334785;-0.0385678;-0.259298;0.03125;0.37037;-0.0300703;0.00984713;-0.0393884;-0.0631702;0.0179798;-0.0740741;-0.0112664;0.00531547;-0.016;-0.00926841;-0.03125;-0.0237266;0.03125;-0.259298;0.37037;-0.0154271;2.6943;-2;-2.6943;0.0154271;-2;10;;10;-0.25;-0.259298;-0.0385964;0.0749891;0.0997889;-0.0385678;-0.000571375;0.0182076;-0.0184295;0.0110798;-0.0300703;-0.0393884;-0.25;-0.0385964;-0.259298;-0.0997889;-0.0749891;-0.0385678;-0.0154271;0.0154271;0.19245;-0.0385964;0.03125;0.08;0.03125;-0.0385964;0.08;0.0334785;0.0179798;0.0164112;0.0162747;0.0182076;-0.00296895;0.0137174;0.00390625;-0.00926841
0.00510786;-0.00482098;0.00960362;0.0182076;0.00296895;0.0162747;0.00531547;-0.00355099;0.00889759;0.00926841;0.0137174;0.00390625;0.00510786;0.00602622;-0.000730138;-0.00331664;-0.00712778;0.00331664;-0.00277737;-0.00273695;-0.000123417;-0.00510786;0.000730138;0.00602622;0.0110798;-0.0300703;0.0393884;0.0997889;0.0385678;0.0749891;0.0179798;-0.0164112;0.0334785;0.0385964;0.08;0.03125;0.0110798;0.0240563;-0.0110798;-0.0334785;-0.0164112;-0.0179798;-0.00889759;-0.00355099;-0.00531547;-0.0137174;-0.00926841;0.00390625;-0.0385964;-0.25;0.259298;0.0154271;2;-2.6943;0.0154271;-0.19245;-0.0154271;-10;10;;-0.0385964;0.03125;-0.08;-0.0749891;0.0385678;-0.0997889;-0.0162747;0.00296895;-0.0182076;-0.0110798;-0.0393884;-0.0300703;-0.259298;0.03125;-0.37037;-0.0749891;-0.19245;0.0749891;2.6943;2;-0.0154271;0.259298;0.37037;0.03125;-0.259298;-0.25;0.0385964;0.0631702;0.0740741;-0.0179798;0.000571375;0.0184295;-0.0182076;0.00926841;-0.0237266;-0.03125
0.00602622;-0.001964;0.00769711;0.0162747;0.000571375;0.0164112;-0.000571375;-0.0162747;0.0164112;0.00984713;0.0240563;0.00984713;0.00390625;0.0291545;-0.0237266;-0.0631702;-0.0334785;-0.0385678;-0.0215544;-0.00331664;-0.0184295;-0.0393884;-0.0300703;0.00984713;0.00390625;-0.0237266;0.0291545;0.0334785;0.0631702;-0.0385678;0.0749891;-0.0749891;0.19245;0.37037;0.03125;-0.259298;0.03125;0.37037;-0.259298;-2.6943;0.0154271;-2;-0.0631702;0.0179798;-0.0740741;-0.0385964;-0.25;-0.259298;-0.0300703;-0.0393884;0.00984713;-0.0179798;0.0631702;-0.0740741;-0.0154271;2.6943;-2;-0.259298;-0.25;-0.0385964;;10;10;-0.0154271;0.0154271;0.19245;0.0749891;0.0997889;-0.0385678;0.08;0.03125;-0.0385964;-0.03125;-0.00926841;-0.0237266;-0.0182076;0.000571375;-0.0184295;-0.0997889;-0.0749891;-0.0385678;-0.0393884;-0.0300703;0.0110798;0.03125;0.08;-0.0385964;-0.0179798;-0.0334785;0.0164112;0.0334785;0.0179798;0.0164112;0.0110798;0.0240563;0.0110798
0.000730138;-0.0113293;0.0121089;0.0182076;0.0184295;-0.000571375;0.0182076;0.00296895;0.0162747;0.0393884;0.0110798;-0.0300703;0.0137174;0.00390625;0.00926841;0.0179798;-0.0164112;0.0334785;-0.00331664;-0.00712778;0.00331664;-0.0110798;0.0110798;0.0240563;-0.00926841;-0.03125;0.0237266;0.0179798;0.0740741;-0.0631702;0.0997889;0.0385678;0.0749891;0.259298;-0.0385964;-0.25;0.08;0.03125;0.0385964;0.0154271;-0.19245;-0.0154271;-0.0334785;-0.0164112;-0.0179798;-0.08;-0.0385964;0.03125;-0.0393884;-0.0300703;-0.00984713;-0.0334785;0.0385678;-0.0631702;0.0154271;2;-2.6943;-0.37037;-0.259298;0.03125;10;;-10;2.6943;2;-0.0154271;-0.0749891;0.0385678;-0.0997889;0.0385964;-0.259298;-0.25;-0.0237266;0.00390625;-0.0291545;-0.0162747;-0.0164112;-0.000571375;-0.0749891;-0.19245;0.0749891;-0.00984713;0.00984713;0.0240563;0.37037;0.03125;0.259298;0.0631702;0.0385678;0.0334785;0.0631702;0.0740741;-0.0179798;0.0393884;0.00984713;-0.0300703
0.00510786;0.00960362;-0.00482098;-0.00296895;-0.0182076;0.0162747;-0.0184295;-0.0182076;-0.000571375;-0.0300703;0.0110798;0.0393884;-0.00926841;0.0237266;-0.03125;-0.0740741;-0.0179798;-0.0631702;-0.0184295;0.00331664;-0.0215544;-0.0300703;-0.0393884;-0.00984713;0.0137174;0.00926841;0.00390625;0.0164112;-0.0179798;0.0334785;-0.0385678;-0.0997889;0.0749891;0.03125;0.08;0.0385964;-0.0385964;0.259298;-0.25;-2;-0.0154271;-2.6943;-0.0385678;0.0334785;-0.0631702;0.03125;-0.259298;-0.37037;0.0110798;-0.0110798;0.0240563;0.0164112;0.0334785;-0.0179798;0.19245;-0.0154271;-0.0154271;0.03125;-0.0385964;-0.08;10;-10;;-2;-2.6943;-0.0154271;0.19245;0.0749891;0.0749891;0.03125;0.37037;0.259298;-0.00926841;-0.0137174;0.00390625;-0.00296895;0.0162747;-0.0182076;-0.0385678;0.0749891;-0.0997889;-0.0300703;-0.0393884;-0.0110798;-0.259298;0.0385964;-0.25;-0.0740741;-0.0631702;-0.0179798;-0.0385678;-0.0631702;0.0334785;-0.0300703;0.00984713;0.0393884
0.00277737;0.00720243;-0.0045633;-0.00482098;-0.0121089;0.00769711;-0.0113293;-0.00960362;-0.001964;-0.0184295;0.00331664;0.0215544;-0.00531547;0.0112664;-0.016;-0.03125;-0.00926841;-0.0237266;-0.0113293;0.000730138;-0.0121089;-0.0184295;-0.0182076;0.000571375;0.00889759;0.0112664;-0.00296895;0.00390625;-0.0237266;0.0291545;-0.0300703;-0.0393884;0.00984713;-0.0385678;0.0334785;0.0631702;-0.0179798;0.0631702;-0.0740741;-0.25;-0.0385964;-0.259298;-0.0300703;0.0110798;-0.0393884;-0.0385678;-0.0997889;-0.0749891;0.0162747;0.000571375;0.0164112;0.0240563;0.00984713;0.00984713;0.03125;-0.259298;0.37037;0.19245;0.0749891;-0.0749891;-0.0154271;2.6943;-2;;10;10;0.03125;0.08;-0.0385964;0.19245;-0.0154271;0.0154271;-0.000571375;-0.0162747;0.0164112;0.00390625;0.0291545;-0.0237266;0.03125;0.37037;-0.259298;-0.0385678;-0.0631702;-0.0334785;-2.6943;0.0154271;-2;-0.25;-0.259298;-0.0385964;0.03125;-0.0385964;0.08;-0.0385678;0.0749891;0.0997889
0.000123417;0.0072642;-0.00720243;-0.00960362;-0.0113293;0.001964;-0.0121089;-0.00482098;-0.00769711;-0.0215544;-0.00331664;0.0184295;-0.00889759;0.00296895;-0.0112664;-0.0237266;0.00390625;-0.0291545;-0.001964;0.00602622;-0.00769711;-0.000571375;-0.0162747;-0.0164112;0.00531547;0.016;-0.0112664;-0.00926841;-0.03125;0.0237266;-0.0393884;-0.0300703;-0.00984713;-0.0631702;0.0179798;0.0740741;-0.0334785;0.0385678;-0.0631702;-0.259298;0.03125;-0.37037;0.00984713;0.0240563;-0.00984713;0.0749891;-0.0749891;-0.19245;0.0182076;0.0184295;-0.000571375;0.0110798;-0.0300703;0.0393884;-0.0385964;-0.25;0.259298;0.0749891;0.0997889;0.0385678;0.0154271;2;-2.6943;10;;-10;0.37037;0.03125;0.259298;-0.0154271;2.6943;2;0.0182076;0.00296895;0.0162747;0.0137174;0.00390625;0.00926841;0.08;0.03125;0.0385964;0.0334785;0.0179798;-0.0164112;0.0154271;-0.19245;-0.0154271;-0.0385964;0.03125;-0.08;-0.259298;-0.25;0.0385964;-0.0997889;-0.0749891;0.0385678
0.00273695;-0.000123417;0.00277737;0.00510786;-0.000730138;0.00602622;0.000730138;-0.00510786;0.00602622;0.00331664;0.00712778;0.00331664;0.00355099;0.00889759;-0.00531547;-0.00926841;-0.0137174;0.00390625;-0.00960362;-0.00510786;-0.00482098;-0.0182076;-0.00296895;0.0162747;0.00355099;-0.00531547;0.00889759;0.0137174;0.00926841;0.00390625;0.0110798;-0.0110798;0.0240563;0.0334785;0.0164112;-0.0179798;0.0164112;0.0334785;-0.0179798;-0.0385964;-0.08;0.03125;-0.0393884;-0.0110798;-0.0300703;-0.0997889;-0.0385678;0.0749891;-0.00296895;-0.0182076;0.0162747;0.0110798;0.0393884;-0.0300703;0.08;0.0385964;0.03125;0.0749891;-0.0385678;-0.0997889;0.19245;-0.0154271;-0.0154271;10;-10;;-0.259298;0.0385964;-0.25;-0.0154271;-2;-2.6943;-0.0184295;-0.0182076;-0.000571375;-0.00926841;0.0237266;-0.03125;-0.0385964;0.259298;-0.25;-0.0631702;-0.0740741;-0.0179798;-2;-0.0154271;-2.6943;-0.259298;-0.37037;0.03125;0.37037;0.259298;0.03125;0.0749891;0.19245;0.0749891
0.00343333;0.00374809;-0.000412381;0.00115741;-0.00618629;0.00751315;-0.00482098;-0.0121089;0.00769711;-0.00296895;0.00889759;0.0112664;0.00331664;0.0215544;-0.0184295;-0.0300703;-0.0393884;0.00984713;-0.03125;-0.00926841;-0.0237266;-0.0740741;-0.0179798;0.0631702;0.00533598;0.00179989;0.00355099;0.00602622;-0.001964;0.00769711;0.00390625;-0.0237266;0.0291545;0.0164112;0.0162747;0.000571375;0.0334785;0.0631702;-0.0385678;0.03125;-0.259298;0.37037;-0.25;-0.0385964;-0.259298;-2;-0.0154271;2.6943;0.00342201;-0.00342201;0.00712778;0.00602622;0.00769711;-0.001964;0.0240563;0.00984713;0.00984713;0.0164112;-0.000571375;-0.0162747;0.0749891;-0.0749891;0.19245;0.03125;0.37037;-0.259298;;10;10;-2;-2.6943;0.0154271;-0.00179989;-0.00533598;0.00355099;0.00115741;0.00751315;-0.00618629;0.00390625;0.0291545;-0.0237266;-0.00296895;-0.0112664;-0.00889759;-0.0631702;-0.0334785;-0.0385678;-0.0300703;0.00984713;-0.0393884;-0.25;-0.259298;-0.0385964;-0.0740741;-0.0631702;0.0179798
0.00219265;0.0058309;-0.00374809;-0.00330904;-0.00925926;0.00618629;-0.00960362;-0.0113293;0.001964;-0.0112664;0.00531547;0.016;-0.00331664;0.0184295;-0.0215544;-0.0393884;-0.0300703;-0.00984713;-0.0237266;0.00390625;-0.0291545;-0.0631702;-0.0334785;0.0385678;0.00559535;0.0072642;-0.00179989;0.000730138;-0.0113293;0.0121089;-0.00926841;-0.03125;0.0237266;-0.000571375;0.0182076;0.0184295;0.0179798;0.0740741;-0.0631702;-0.0385964;-0.25;0.259298;-0.259298;0.03125;-0.37037;-2.6943;0.0154271;2;0.00785511;0.0045633;0.00342201;0.00510786;-0.00482098;0.00960362;0.0110798;-0.0300703;0.0393884;0.0162747;0.0182076;0.00296895;0.0997889;0.0385678;0.0749891;0.08;0.03125;0.0385964;10;;-10;-0.0154271;0.0154271;-0.19245;0.00559535;0.000412381;0.00533598;0.00455166;0.00115741;0.00330904;0.0137174;0.00390625;0.00926841;0.00889759;0.00531547;-0.00355099;0.0179798;-0.0164112;0.0334785;0.0110798;0.0240563;-0.0110798;-0.0385964;0.03125;-0.08;-0.0179798;-0.0334785;-0.0164112
0.00122302;-0.00219265;0.00343333;0.00455166;0.00330904;0.00115741;0.00510786;-0.000730138;0.00602622;0.00889759;0.00355099;-0.00531547;0.00712778;0.00331664;0.00331664;0.0110798;-0.0110798;0.0240563;-0.00926841;-0.0137174;0.00390625;-0.0179798;0.0164112;0.0334785;-0.000412381;-0.00559535;0.00533598;0.00510786;0.00960362;-0.00482098;0.0137174;0.00926841;0.00390625;0.0162747;-0.00296895;-0.0182076;0.0164112;-0.0179798;0.0334785;0.08;0.0385964;0.03125;-0.0385964;-0.08;0.03125;-0.0154271;0.19245;-0.0154271;-0.0045633;-0.00785511;0.00342201;0.000730138;0.0121089;-0.0113293;0.0110798;0.0393884;-0.0300703;-0.000571375;-0.0184295;-0.0182076;-0.0385678;-0.0997889;0.0749891;-0.0385964;0.259298;-0.25;10;-10;;-2.6943;-2;-0.0154271;-0.0072642;-0.00559535;-0.00179989;-0.00330904;0.00618629;-0.00925926;-0.00926841;0.0237266;-0.03125;-0.0112664;-0.016;-0.00531547;-0.0740741;-0.0179798;-0.0631702;-0.0393884;-0.00984713;-0.0300703;-0.259298;-0.37037;0.03125;-0.0631702;-0.0385678;0.0334785
0.00240774;0.00351467;-0.00117956;-0.000412381;-0.00559535;0.00533598;-0.0045633;-0.00785511;0.00342201;-0.00482098;0.00510786;0.00960362;0.000730138;0.0121089;-0.0113293;-0.0184295;-0.0182076;-0.000571375;-0.016;-0.00531547;-0.0112664;-0.03125;-0.00926841;0.0237266;0.00455166;0.00330904;0.00115741;0.00355099;-0.00531547;0.00889759;-0.00296895;-0.0182076;0.0162747;0.00390625;0.0137174;0.00926841;0.0110798;0.0393884;-0.0300703;-0.0385678;-0.0997889;0.0749891;-0.0740741;-0.0179798;-0.0631702;-0.25;-0.0385964;0.259298;0.00510786;-0.000730138;0.00602622;0.00712778;0.00331664;0.00331664;0.0164112;-0.0179798;0.0334785;0.0240563;0.0110798;-0.0110798;0.08;0.0385964;0.03125;0.19245;-0.0154271;-0.0154271;-2;-0.0154271;-2.6943;;10;-10;0.000730138;-0.00510786;0.00602622;0.00355099;0.00889759;-0.00531547;0.0164112;0.0334785;-0.0179798;0.00390625;-0.00926841;-0.0137174;-0.0385964;-0.08;0.03125;-0.0385678;0.0749891;-0.0997889;-2;-2.6943;-0.0154271;-0.25;-0.259298;0.0385964
0.00205141;-0.00142949;0.00345317;0.00533598;0.00179989;0.00355099;0.00342201;-0.00342201;0.00712778;0.00769711;0.00602622;-0.001964;0.00602622;0.00769711;-0.001964;-0.000571375;-0.0162747;0.0164112;-0.0112664;-0.00889759;-0.00296895;-0.0237266;0.00390625;0.0291545;0.00115741;-0.00618629;0.00751315;0.00889759;0.0112664;-0.00296895;0.0162747;0.000571375;0.0164112;0.0291545;0.00390625;-0.0237266;0.0240563;0.00984713;0.00984713;0.0749891;-0.0749891;0.19245;-0.0631702;-0.0334785;-0.0385678;-0.259298;0.03125;0.37037;-0.00482098;-0.0121089;0.00769711;0.00331664;0.0215544;-0.0184295;0.0334785;0.0631702;-0.0385678;0.00984713;-0.0300703;-0.0393884;0.03125;-0.259298;0.37037;-0.0154271;2.6943;-2;-2.6943;0.0154271;-2;10;;10;-0.0113293;-0.00960362;-0.001964;-0.00531547;0.0112664;-0.016;-0.0179798;0.0631702;-0.0740741;-0.0237266;-0.03125;-0.00926841;-0.25;-0.0385964;-0.259298;-0.0997889;-0.0749891;-0.0385678;-0.0154271;0.0154271;0.19245;-0.0385964;0.03125;0.08
-0.000380556;-0.00487209;0.00453575;0.00559535;0.0072642;-0.00179989;0.00785511;0.0045633;0.00342201;0.0121089;0.000730138;-0.0113293;0.00510786;-0.00482098;0.00960362;0.0182076;0.00296895;0.0162747;0.00531547;-0.00355099;0.00889759;0.00926841;0.0137174;0.00390625;-0.00330904;-0.00925926;0.00618629;0.00531547;0.016;-0.0112664;0.0182076;0.0184295;-0.000571375;0.0237266;-0.00926841;-0.03125;0.0110798;-0.0300703;0.0393884;0.0997889;0.0385678;0.0749891;0.0179798;-0.0164112;0.0334785;0.0385964;0.08;0.03125;-0.00960362;-0.0113293;0.001964;-0.00331664;0.0184295;-0.0215544;0.0179798;0.0740741;-0.0631702;-0.00984713;-0.0393884;-0.0300703;-0.0385964;-0.25;0.259298;0.0154271;2;-2.6943;0.0154271;-0.19245;-0.0154271;-10;10;;-0.0121089;-0.00482098;-0.00769711;-0.00889759;0.00296895;-0.0112664;-0.0334785;0.0385678;-0.0631702;-0.0291545;-0.0237266;0.00390625;-0.259298;0.03125;-0.37037;-0.0749891;-0.19245;0.0749891;2.6943;2;-0.0154271;0.259298;0.37037;0.03125
0.00115741;0.00751315;-0.00618629;-0.0112664;-0.00889759;-0.00296895;-0.00720243;-0.00277737;-0.0045633;-0.0121089;-0.00482098;0.00769711;-0.00375879;0.00144899;-0.00517508;-0.00720243;0.000123417;-0.0072642;-0.00300306;0.000427815;-0.00340191;-0.00351467;-0.00487209;-0.00142949;0.00390625;0.0291545;-0.0237266;-0.0631702;-0.0334785;-0.0385678;-0.0215544;-0.00331664;-0.0184295;-0.0393884;-0.0300703;0.00984713;-0.0113293;-0.001964;-0.00960362;-0.0112664;0.00531547;-0.016;-0.00374809;0.00219265;-0.0058309;-0.00330904;-0.00925926;-0.00618629;0.03125;0.37037;-0.259298;-2.6943;0.0154271;-2;-0.0631702;0.0179798;-0.0740741;-0.0385964;-0.25;-0.259298;-0.03125;-0.0237266;-0.00926841;-0.000571375;0.0182076;-0.0184295;-0.00179989;0.00559535;-0.0072642;0.000730138;-0.0113293;-0.0121089;;10;10;-0.0154271;0.0154271;0.19245;0.0749891;0.0997889;-0.0385678;0.08;0.03125;-0.0385964;-0.0300703;-0.0393884;0.0110798;0.0162747;0.0182076;-0.00296895;0.00342201;0.00785511;-0.0045633;0.00510786;-0.00482098;-0.00960362
0.00455166;0.00115741;0.00330904;0.00531547;-0.00355099;0.00889759;0.000123417;-0.00273695;0.00277737;-0.000730138;0.00510786;0.00602622;0.00146757;0.00300703;-0.00146757;-0.00277737;-0.00273695;-0.000123417;-0.00161953;-0.00120783;-0.000427815;-0.00240774;-0.000380556;0.00205141;0.0137174;0.00390625;0.00926841;0.0179798;-0.0164112;0.0334785;-0.00331664;-0.00712778;0.00331664;-0.0110798;0.0110798;0.0240563;0.000730138;0.00602622;-0.00510786;-0.00889759;-0.00355099;-0.00531547;-0.00343333;-0.00122302;-0.00219265;-0.00455166;-0.00330904;0.00115741;0.08;0.03125;0.0385964;0.0154271;-0.19245;-0.0154271;-0.0334785;-0.0164112;-0.0179798;-0.08;-0.0385964;0.03125;-0.00926841;0.00390625;-0.0137174;-0.0162747;0.00296895;-0.0182076;-0.00533598;0.000412381;-0.00559535;-0.00510786;-0.00960362;-0.00482098;10;;-10;2.6943;2;-0.0154271;-0.0749891;0.0385678;-0.0997889;0.0385964;-0.259298;-0.25;-0.0393884;-0.0300703;-0.0110798;0.000571375;0.0184295;-0.0182076;-0.00342201;0.0045633;-0.00785511;-0.000730138;-0.0121089;-0.0113293
-0.00330904;0.00618629;-0.00925926;-0.016;-0.00531547;-0.0112664;-0.0072642;-0.000123417;-0.00720243;-0.0113293;-0.00960362;0.001964;-0.00517508;-0.00144899;-0.00375879;-0.0045633;0.00277737;-0.00720243;-0.00142844;0.00161953;-0.00300306;-0.00117956;-0.00453575;-0.00345317;-0.00926841;0.0237266;-0.03125;-0.0740741;-0.0179798;-0.0631702;-0.0184295;0.00331664;-0.0215544;-0.0300703;-0.0393884;-0.00984713;-0.0121089;-0.00769711;-0.00482098;-0.00296895;0.00889759;-0.0112664;-0.000412381;0.00343333;-0.00374809;0.00115741;-0.00618629;-0.00751315;-0.0385964;0.259298;-0.25;-2;-0.0154271;-2.6943;-0.0385678;0.0334785;-0.0631702;0.03125;-0.259298;-0.37037;-0.0237266;-0.0291545;0.00390625;0.0164112;0.0162747;-0.000571375;0.00355099;0.00533598;-0.00179989;0.00602622;-0.001964;-0.00769711;10;-10;;-2;-2.6943;-0.0154271;0.19245;0.0749891;0.0749891;0.03125;0.37037;0.259298;0.00984713;-0.00984713;0.0240563;0.0164112;-0.000571375;0.0162747;0.00712778;0.00342201;0.00342201;0.00602622;0.00769711;0.001964
-0.00219265;0.00374809;-0.0058309;-0.00925926;-0.00330904;-0.00618629;-0.00487209;-0.000380556;-0.00453575;-0.0072642;-0.00559535;0.00179989;-0.00350635;-0.000549483;-0.0029592;-0.00375879;0.00146757;-0.00517508;-0.00141002;0.00106387;-0.00244876;-0.00142844;-0.00350635;-0.00213032;-0.00531547;0.0112664;-0.016;-0.03125;-0.00926841;-0.0237266;-0.0113293;0.000730138;-0.0121089;-0.0184295;-0.0182076;0.000571375;-0.00785511;-0.00342201;-0.0045633;-0.00482098;0.00510786;-0.00960362;-0.00117956;0.00240774;-0.00351467;-0.000412381;-0.00559535;-0.00533598;-0.0179798;0.0631702;-0.0740741;-0.25;-0.0385964;-0.259298;-0.0300703;0.0110798;-0.0393884;-0.0385678;-0.0997889;-0.0749891;-0.0182076;-0.0162747;-0.00296895;0.00390625;0.0137174;-0.00926841;0.00115741;0.00455166;-0.00330904;0.00355099;-0.00531547;-0.00889759;-0.0154271;2.6943;-2;;10;10;0.03125;0.08;-0.0385964;0.19245;-0.0154271;0.0154271;-0.0179798;-0.0334785;0.0164112;0.0240563;0.0110798;0.0110798;0.00602622;0.00510786;0.000730138;0.00712778;0.00331664;-0.00331664
-0.00343333;0.000412381;-0.00374809;-0.00618629;0.00115741;-0.00751315;-0.00142949;0.00205141;-0.00345317;-0.00179989;-0.00533598;-0.00355099;-0.00213032;-0.00273695;0.000549483;0.00144899;0.00300703;-0.00144899;0.00128145;0.00144974;-0.000139386;0.00213032;-0.000549483;-0.00273695;-0.00889759;0.00296895;-0.0112664;-0.0237266;0.00390625;-0.0291545;-0.001964;0.00602622;-0.00769711;-0.000571375;-0.0162747;-0.0164112;-0.00342201;-0.00712778;0.00342201;0.00769711;0.00602622;0.001964;0.00345317;0.00205141;0.00142949;0.00533598;0.00179989;-0.00355099;-0.0334785;0.0385678;-0.0631702;-0.259298;0.03125;-0.37037;0.00984713;0.0240563;-0.00984713;0.0749891;-0.0749891;-0.19245;0.000571375;-0.0164112;0.0162747;0.0291545;0.00390625;0.0237266;0.00751315;0.00115741;0.00618629;0.00889759;0.0112664;0.00296895;0.0154271;2;-2.6943;10;;-10;0.37037;0.03125;0.259298;-0.0154271;2.6943;2;0.0631702;0.0385678;0.0334785;0.00984713;-0.0300703;0.0393884;0.00769711;-0.00482098;0.0121089;0.00331664;0.0215544;0.0184295
0.00122302;0.00343333;-0.00219265;-0.00330904;-0.00455166;0.00115741;-0.00351467;-0.00240774;-0.00117956;-0.00559535;-0.000412381;0.00533598;-0.00142844;0.00213032;-0.00350635;-0.00517508;-0.00146757;-0.00375879;-0.00266562;-0.000364708;-0.00230369;-0.00350635;-0.0029592;0.000549483;0.00355099;0.00889759;-0.00531547;-0.00926841;-0.0137174;0.00390625;-0.00960362;-0.00510786;-0.00482098;-0.0182076;-0.00296895;0.0162747;-0.0045633;0.00342201;-0.00785511;-0.0121089;-0.000730138;-0.0113293;-0.00453575;0.000380556;-0.00487209;-0.00559535;-0.0072642;-0.00179989;0.0164112;0.0334785;-0.0179798;-0.0385964;-0.08;0.03125;-0.0393884;-0.0110798;-0.0300703;-0.0997889;-0.0385678;0.0749891;-0.0184295;-0.000571375;-0.0182076;-0.0237266;0.00926841;-0.03125;-0.00618629;0.00330904;-0.00925926;-0.00531547;-0.016;-0.0112664;0.19245;-0.0154271;-0.0154271;10;-10;;-0.259298;0.0385964;-0.25;-0.0154271;-2;-2.6943;-0.0740741;-0.0631702;-0.0179798;0.00984713;0.0393884;-0.0300703;-0.001964;0.00960362;-0.0113293;0.00331664;-0.0184295;-0.0215544
-0.000123417;0.00720243;-0.0072642;-0.0113293;-0.00960362;-0.001964;-0.00925926;-0.00330904;-0.00618629;-0.016;-0.00531547;0.0112664;-0.00559535;0.00179989;-0.0072642;-0.0113293;0.000730138;-0.0121089;-0.00375879;0.00146757;-0.00517508;-0.0045633;-0.00785511;-0.00342201;0.00331664;0.0215544;-0.0184295;-0.0300703;-0.0393884;0.00984713;-0.03125;-0.00926841;-0.0237266;-0.0740741;-0.0179798;0.0631702;-0.0182076;0.000571375;-0.0184295;-0.0300703;0.0110798;-0.0393884;-0.00482098;0.00510786;-0.00960362;-0.00296895;-0.0182076;-0.0162747;0.0334785;0.0631702;-0.0385678;0.03125;-0.259298;0.37037;-0.25;-0.0385964;-0.259298;-2;-0.0154271;2.6943;-0.0997889;-0.0749891;-0.0385678;0.03125;0.08;-0.0385964;0.00390625;0.0137174;-0.00926841;0.0164112;-0.0179798;-0.0334785;0.0749891;-0.0749891;0.19245;0.03125;0.37037;-0.259298;;10;10;-2;-2.6943;0.0154271;-0.0154271;0.0154271;0.19245;0.03125;-0.0385964;0.08;0.0240563;0.0110798;0.0110798;0.0164112;0.0334785;0.0179798
-0.00277737;0.0045633;-0.00720243;-0.0121089;-0.00482098;-0.00769711;-0.00618629;0.00115741;-0.00751315;-0.0112664;-0.00889759;0.00296895;-0.00533598;-0.00355099;-0.00179989;-0.001964;0.00602622;-0.00769711;0.00144899;0.00300703;-0.00144899;0.00342201;-0.00342201;-0.00712778;-0.00331664;0.0184295;-0.0215544;-0.0393884;-0.0300703;-0.00984713;-0.0237266;0.00390625;-0.0291545;-0.0631702;-0.0334785;0.0385678;-0.0162747;-0.0164112;-0.000571375;0.00984713;0.0240563;-0.00984713;0.00769711;0.00602622;0.001964;0.0162747;0.000571375;-0.0164112;0.0179798;0.0740741;-0.0631702;-0.0385964;-0.25;0.259298;-0.259298;0.03125;-0.37037;-2.6943;0.0154271;2;-0.0749891;-0.19245;0.0749891;0.37037;0.03125;0.259298;0.0291545;0.00390625;0.0237266;0.0334785;0.0631702;0.0385678;0.0997889;0.0385678;0.0749891;0.08;0.03125;0.0385964;10;;-10;-0.0154271;0.0154271;-0.19245;2.6943;2;-0.0154271;-0.259298;-0.25;0.0385964;0.00984713;-0.0300703;0.0393884;-0.0179798;0.0631702;0.0740741
0.00273695;0.00277737;-0.000123417;0.000730138;-0.00510786;0.00602622;-0.00330904;-0.00455166;0.00115741;-0.00531547;0.00355099;0.00889759;-0.000412381;0.00533598;-0.00559535;-0.00960362;-0.00510786;-0.00482098;-0.00517508;-0.00146757;-0.00375879;-0.00785511;-0.0045633;0.00342201;0.00712778;0.00331664;0.00331664;0.0110798;-0.0110798;0.0240563;-0.00926841;-0.0137174;0.00390625;-0.0179798;0.0164112;0.0334785;-0.00296895;0.0162747;-0.0182076;-0.0393884;-0.0110798;-0.0300703;-0.0121089;-0.000730138;-0.0113293;-0.0182076;-0.0184295;-0.000571375;0.0164112;-0.0179798;0.0334785;0.08;0.0385964;0.03125;-0.0385964;-0.08;0.03125;-0.0154271;0.19245;-0.0154271;-0.0385678;0.0749891;-0.0997889;-0.259298;0.0385964;-0.25;-0.0237266;0.00926841;-0.03125;-0.0179798;-0.0740741;-0.0631702;-0.0385678;-0.0997889;0.0749891;-0.0385964;0.259298;-0.25;10;-10;;-2.6943;-2;-0.0154271;-2;-2.6943;-0.0154271;0.37037;0.259298;0.03125;0.00984713;0.0393884;-0.0300703;0.0334785;-0.0385678;-0.0631702
-0.000380556;0.00453575;-0.00487209;-0.0072642;-0.00559535;-0.00179989;-0.0058309;-0.00219265;-0.00374809;-0.00925926;-0.00330904;0.00618629;-0.00351467;0.00142949;-0.00487209;-0.0072642;-0.000123417;-0.00720243;-0.0029592;0.000752693;-0.00369589;-0.00375879;-0.00517508;-0.00144899;0.000730138;0.0121089;-0.0113293;-0.0184295;-0.0182076;-0.000571375;-0.016;-0.00531547;-0.0112664;-0.03125;-0.00926841;0.0237266;-0.00960362;0.001964;-0.0113293;-0.0184295;0.00331664;-0.0215544;-0.0045633;0.00277737;-0.00720243;-0.00482098;-0.0121089;-0.00769711;0.0110798;0.0393884;-0.0300703;-0.0385678;-0.0997889;0.0749891;-0.0740741;-0.0179798;-0.0631702;-0.25;-0.0385964;0.259298;-0.0393884;-0.00984713;-0.0300703;-0.0385678;0.0334785;-0.0631702;-0.00296895;0.00889759;-0.0112664;0.00390625;-0.0237266;-0.0291545;0.08;0.0385964;0.03125;0.19245;-0.0154271;-0.0154271;-2;-0.0154271;-2.6943;;10;-10;-0.259298;-0.37037;0.03125;0.19245;0.0749891;0.0749891;0.0164112;0.0162747;-0.000571375;0.0240563;0.00984713;-0.00984713
0.00205141;0.00345317;-0.00142949;-0.00179989;-0.00533598;0.00355099;-0.00374809;-0.00343333;-0.000412381;-0.00618629;0.00115741;0.00751315;-0.00117956;0.00345317;-0.00453575;-0.00720243;-0.00277737;-0.0045633;-0.00369589;-0.000752693;-0.0029592;-0.00517508;-0.00375879;0.00144899;0.00602622;0.00769711;-0.001964;-0.000571375;-0.0162747;0.0164112;-0.0112664;-0.00889759;-0.00296895;-0.0237266;0.00390625;0.0291545;-0.00482098;0.00769711;-0.0121089;-0.0215544;-0.00331664;-0.0184295;-0.00720243;0.000123417;-0.0072642;-0.00960362;-0.0113293;-0.001964;0.0240563;0.00984713;0.00984713;0.0749891;-0.0749891;0.19245;-0.0631702;-0.0334785;-0.0385678;-0.259298;0.03125;0.37037;-0.0300703;0.00984713;-0.0393884;-0.0631702;0.0179798;-0.0740741;-0.0112664;0.00531547;-0.016;-0.00926841;-0.03125;-0.0237266;0.03125;-0.259298;0.37037;-0.0154271;2.6943;-2;-2.6943;0.0154271;-2;10;;10;-0.25;-0.259298;-0.0385964;0.0749891;0.0997889;-0.0385678;-0.000571375;0.0182076;-0.0184295;0.0110798;-0.0300703;-0.0393884
0.00240774;-0.00117956;0.00351467;0.00559535;0.000412381;0.00533598;0.00219265;-0.00122302;0.00343333;0.00330904;0.00455166;0.00115741;0.00240774;0.00205141;0.000380556;0.000123417;-0.00273695;0.00277737;-0.000752693;-0.0015396;0.000752693;-0.00146757;0.00146757;0.00300703;0.00510786;-0.00482098;0.00960362;0.0182076;0.00296895;0.0162747;0.00531547;-0.00355099;0.00889759;0.00926841;0.0137174;0.00390625;0.00510786;0.00602622;-0.000730138;-0.00331664;-0.00712778;0.00331664;-0.00277737;-0.00273695;-0.000123417;-0.00510786;0.000730138;0.00602622;0.0110798;-0.0300703;0.0393884;0.0997889;0.0385678;0.0749891;0.0179798;-0.0164112;0.0334785;0.0385964;0.08;0.03125;0.0110798;0.0240563;-0.0110798;-0.0334785;-0.0164112;-0.0179798;-0.00889759;-0.00355099;-0.00531547;-0.0137174;-0.00926841;0.00390625;-0.0385964;-0.25;0.259298;0.0154271;2;-2.6943;0.0154271;-0.19245;-0.0154271;-10;10;;-0.0385964;0.03125;-0.08;-0.0749891;0.0385678;-0.0997889;-0.0162747;0.00296895;-0.0182076;-0.0110798;-0.0393884;-0.0300703
0.00300703;0.00144899;0.00144899;0.00342201;-0.00342201;0.00712778;-0.00179989;-0.00533598;0.00355099;-0.001964;0.00602622;0.00769711;0.00115741;0.00751315;-0.00618629;-0.0112664;-0.00889759;-0.00296895;-0.00720243;-0.00277737;-0.0045633;-0.0121089;-0.00482098;0.00769711;0.00602622;-0.001964;0.00769711;0.0162747;0.000571375;0.0164112;-0.000571375;-0.0162747;0.0164112;0.00984713;0.0240563;0.00984713;0.00390625;0.0291545;-0.0237266;-0.0631702;-0.0334785;-0.0385678;-0.0215544;-0.00331664;-0.0184295;-0.0393884;-0.0300703;0.00984713;0.00390625;-0.0237266;0.0291545;0.0334785;0.0631702;-0.0385678;0.0749891;-0.0749891;0.19245;0.37037;0.03125;-0.259298;0.03125;0.37037;-0.259298;-2.6943;0.0154271;-2;-0.0631702;0.0179798;-0.0740741;-0.0385964;-0.25;-0.259298;-0.0300703;-0.0393884;0.00984713;-0.0179798;0.0631702;-0.0740741;-0.0154271;2.6943;-2;-0.259298;-0.25;-0.0385964;;10;10;-0.0154271;0.0154271;0.19245;0.0749891;0.0997889;-0.0385678;0.08;0.03125;-0.0385964
0.00146757;-0.00375879;0.00517508;0.00785511;0.0045633;0.00342201;0.00559535;0.000412381;0.00533598;0.00960362;0.00510786;-0.00482098;0.00455166;0.00115741;0.00330904;0.00531547;-0.00355099;0.00889759;0.000123417;-0.00273695;0.00277737;-0.000730138;0.00510786;0.00602622;0.000730138;-0.0113293;0.0121089;0.0182076;0.0184295;-0.000571375;0.0182076;0.00296895;0.0162747;0.0393884;0.0110798;-0.0300703;0.0137174;0.00390625;0.00926841;0.0179798;-0.0164112;0.0334785;-0.00331664;-0.00712778;0.00331664;-0.0110798;0.0110798;0.0240563;-0.00926841;-0.03125;0.0237266;0.0179798;0.0740741;-0.0631702;0.0997889;0.0385678;0.0749891;0.259298;-0.0385964;-0.25;0.08;0.03125;0.0385964;0.0154271;-0.19245;-0.0154271;-0.0334785;-0.0164112;-0.0179798;-0.08;-0.0385964;0.03125;-0.0393884;-0.0300703;-0.00984713;-0.0334785;0.0385678;-0.0631702;0.0154271;2;-2.6943;-0.37037;-0.259298;0.03125;10;;-10;2.6943;2;-0.0154271;-0.0749891;0.0385678;-0.0997889;0.0385964;-0.259298;-0.25
0.00146757;0.00517508;-0.00375879;-0.0045633;-0.00785511;0.00342201;-0.0072642;-0.00559535;-0.00179989;-0.0113293;0.000730138;0.0121089;-0.00330904;0.00618629;-0.00925926;-0.016;-0.00531547;-0.0112664;-0.0072642;-0.000123417;-0.00720243;-0.0113293;-0.00960362;0.001964;0.00510786;0.00960362;-0.00482098;-0.00296895;-0.0182076;0.0162747;-0.0184295;-0.0182076;-0.000571375;-0.0300703;0.0110798;0.0393884;-0.00926841;0.0237266;-0.03125;-0.0740741;-0.0179798;-0.0631702;-0.0184295;0.00331664;-0.0215544;-0.0300703;-0.0393884;-0.00984713;0.0137174;0.00926841;0.00390625;0.0164112;-0.0179798;0.0334785;-0.0385678;-0.0997889;0.0749891;0.03125;0.08;0.0385964;-0.0385964;0.259298;-0.25;-2;-0.0154271;-2.6943;-0.0385678;0.0334785;-0.0631702;0.03125;-0.259298;-0.37037;0.0110798;-0.0110798;0.0240563;0.0164112;0.0334785;-0.0179798;0.19245;-0.0154271;-0.0154271;0.03125;-0.0385964;-0.08;10;-10;;-2;-2.6943;-0.0154271;0.19245;0.0749891;0.0749891;0.03125;0.37037;0.259298
0.000752693;0.00369589;-0.0029592;-0.00375879;-0.00517508;0.00144899;-0.00487209;-0.00351467;-0.00142949;-0.0072642;-0.000123417;0.00720243;-0.00219265;0.00374809;-0.0058309;-0.00925926;-0.00330904;-0.00618629;-0.00487209;-0.000380556;-0.00453575;-0.0072642;-0.00559535;0.00179989;0.00277737;0.00720243;-0.0045633;-0.00482098;-0.0121089;0.00769711;-0.0113293;-0.00960362;-0.001964;-0.0184295;0.00331664;0.0215544;-0.00531547;0.0112664;-0.016;-0.03125;-0.00926841;-0.0237266;-0.0113293;0.000730138;-0.0121089;-0.0184295;-0.0182076;0.000571375;0.00889759;0.0112664;-0.00296895;0.00390625;-0.0237266;0.0291545;-0.0300703;-0.0393884;0.00984713;-0.0385678;0.0334785;0.0631702;-0.0179798;0.0631702;-0.0740741;-0.25;-0.0385964;-0.259298;-0.0300703;0.0110798;-0.0393884;-0.0385678;-0.0997889;-0.0749891;0.0162747;0.000571375;0.0164112;0.0240563;0.00984713;0.00984713;0.03125;-0.259298;0.37037;0.19245;0.0749891;-0.0749891;-0.0154271;2.6943;-2;;10;10;0.03125;0.08;-0.0385964;0.19245;-0.0154271;0.0154271
-0.000752693;0.0029592;-0.00369589;-0.00517508;-0.00375879;-0.00144899;-0.00453575;-0.00117956;-0.00345317;-0.00720243;-0.00277737;0.0045633;-0.00343333;0.000412381;-0.00374809;-0.00618629;0.00115741;-0.00751315;-0.00142949;0.00205141;-0.00345317;-0.00179989;-0.00533598;-0.00355099;0.000123417;0.0072642;-0.00720243;-0.00960362;-0.0113293;0.001964;-0.0121089;-0.00482098;-0.00769711;-0.0215544;-0.00331664;0.0184295;-0.00889759;0.00296895;-0.0112664;-0.0237266;0.00390625;-0.0291545;-0.001964;0.00602622;-0.00769711;-0.000571375;-0.0162747;-0.0164112;0.00531547;0.016;-0.0112664;-0.00926841;-0.03125;0.0237266;-0.0393884;-0.0300703;-0.00984713;-0.0631702;0.0179798;0.0740741;-0.0334785;0.0385678;-0.0631702;-0.259298;0.03125;-0.37037;0.00984713;0.0240563;-0.00984713;0.0749891;-0.0749891;-0.19245;0.0182076;0.0184295;-0.000571375;0.0110798;-0.0300703;0.0393884;-0.0385964;-0.25;0.259298;0.0749891;0.0997889;0.0385678;0.0154271;2;-2.6943;10;;-10;0.37037;0.03125;0.259298;-0.0154271;2.6943;2
0.0015396;0.000752693;0.000752693;0.00146757;-0.00146757;0.00300703;-0.000380556;-0.00240774;0.00205141;-0.000123417;0.00273695;0.00277737;0.00122302;0.00343333;-0.00219265;-0.00330904;-0.00455166;0.00115741;-0.00351467;-0.00240774;-0.00117956;-0.00559535;-0.000412381;0.00533598;0.00273695;-0.000123417;0.00277737;0.00510786;-0.000730138;0.00602622;0.000730138;-0.00510786;0.00602622;0.00331664;0.00712778;0.00331664;0.00355099;0.00889759;-0.00531547;-0.00926841;-0.0137174;0.00390625;-0.00960362;-0.00510786;-0.00482098;-0.0182076;-0.00296895;0.0162747;0.00355099;-0.00531547;0.00889759;0.0137174;0.00926841;0.00390625;0.0110798;-0.0110798;0.0240563;0.0334785;0.0164112;-0.0179798;0.0164112;0.0334785;-0.0179798;-0.0385964;-0.08;0.03125;-0.0393884;-0.0110798;-0.0300703;-0.0997889;-0.0385678;0.0749891;-0.00296895;-0.0182076;0.0162747;0.0110798;0.0393884;-0.0300703;0.08;0.0385964;0.03125;0.0749891;-0.0385678;-0.0997889;0.19245;-0.0154271;-0.0154271;10;-10;;-0.259298;0.0385964;-0.25;-0.0154271;-2;-2.6943
0.00161953;0.00300306;-0.00142844;-0.00117956;-0.00453575;0.00345317;-0.00375879;-0.00517508;0.00144899;-0.0045633;0.00277737;0.00720243;-0.000123417;0.00720243;-0.0072642;-0.0113293;-0.00960362;-0.001964;-0.00925926;-0.00330904;-0.00618629;-0.016;-0.00531547;0.0112664;0.00343333;0.00374809;-0.000412381;0.00115741;-0.00618629;0.00751315;-0.00482098;-0.0121089;0.00769711;-0.00296895;0.00889759;0.0112664;0.00331664;0.0215544;-0.0184295;-0.0300703;-0.0393884;0.00984713;-0.03125;-0.00926841;-0.0237266;-0.0740741;-0.0179798;0.0631702;0.00533598;0.00179989;0.00355099;0.00602622;-0.001964;0.00769711;0.00390625;-0.0237266;0.0291545;0.0164112;0.0162747;0.000571375;0.0334785;0.0631702;-0.0385678;0.03125;-0.259298;0.37037;-0.25;-0.0385964;-0.259298;-2;-0.0154271;2.6943;0.00342201;-0.00342201;0.00712778;0.00602622;0.00769711;-0.001964;0.0240563;0.00984713;0.00984713;0.0164112;-0.000571375;-0.0162747;0.0749891;-0.0749891;0.19245;0.03125;0.37037;-0.259298;;10;10;-2;-2.6943;0.0154271
0.000427815;0.00340191;-0.00300306;-0.00351467;-0.00487209;0.00142949;-0.00517508;-0.00375879;-0.00144899;-0.00720243;0.000123417;0.0072642;-0.00277737;0.0045633;-0.00720243;-0.0121089;-0.00482098;-0.00769711;-0.00618629;0.00115741;-0.00751315;-0.0112664;-0.00889759;0.00296895;0.00219265;0.0058309;-0.00374809;-0.00330904;-0.00925926;0.00618629;-0.00960362;-0.0113293;0.001964;-0.0112664;0.00531547;0.016;-0.00331664;0.0184295;-0.0215544;-0.0393884;-0.0300703;-0.00984713;-0.0237266;0.00390625;-0.0291545;-0.0631702;-0.0334785;0.0385678;0.00559535;0.0072642;-0.00179989;0.000730138;-0.0113293;0.0121089;-0.00926841;-0.03125;0.0237266;-0.000571375;0.0182076;0.0184295;0.0179798;0.0740741;-0.0631702;-0.0385964;-0.25;0.259298;-0.259298;0.03125;-0.37037;-2.6943;0.0154271;2;0.00785511;0.0045633;0.00342201;0.00510786;-0.00482098;0.00960362;0.0110798;-0.0300703;0.0393884;0.0162747;0.0182076;0.00296895;0.0997889;0.0385678;0.0749891;0.08;0.03125;0.0385964;10;;-10;-0.0154271;0.0154271;-0.19245
0.00120783;-0.000427815;0.00161953;0.00240774;0.000380556;0.00205141;0.00146757;-0.00146757;0.00300703;0.00277737;0.00273695;-0.000123417;0.00273695;0.00277737;-0.000123417;0.000730138;-0.00510786;0.00602622;-0.00330904;-0.00455166;0.00115741;-0.00531547;0.00355099;0.00889759;0.00122302;-0.00219265;0.00343333;0.00455166;0.00330904;0.00115741;0.00510786;-0.000730138;0.00602622;0.00889759;0.00355099;-0.00531547;0.00712778;0.00331664;0.00331664;0.0110798;-0.0110798;0.0240563;-0.00926841;-0.0137174;0.00390625;-0.0179798;0.0164112;0.0334785;-0.000412381;-0.00559535;0.00533598;0.00510786;0.00960362;-0.00482098;0.0137174;0.00926841;0.00390625;0.0162747;-0.00296895;-0.0182076;0.0164112;-0.0179798;0.0334785;0.08;0.0385964;0.03125;-0.0385964;-0.08;0.03125;-0.0154271;0.19245;-0.0154271;-0.0045633;-0.00785511;0.00342201;0.000730138;0.0121089;-0.0113293;0.0110798;0.0393884;-0.0300703;-0.000571375;-0.0184295;-0.0182076;-0.0385678;-0.0997889;0.0749891;-0.0385964;0.259298;-0.25;10;-10;;-2.6943;-2;-0.0154271
0.00106387;0.00244876;-0.00141002;-0.00142844;-0.00350635;0.00213032;-0.0029592;-0.00350635;0.000549483;-0.00375879;0.00146757;0.00517508;-0.000380556;0.00453575;-0.00487209;-0.0072642;-0.00559535;-0.00179989;-0.0058309;-0.00219265;-0.00374809;-0.00925926;-0.00330904;0.00618629;0.00240774;0.00351467;-0.00117956;-0.000412381;-0.00559535;0.00533598;-0.0045633;-0.00785511;0.00342201;-0.00482098;0.00510786;0.00960362;0.000730138;0.0121089;-0.0113293;-0.0184295;-0.0182076;-0.000571375;-0.016;-0.00531547;-0.0112664;-0.03125;-0.00926841;0.0237266;0.00455166;0.00330904;0.00115741;0.00355099;-0.00531547;0.00889759;-0.00296895;-0.0182076;0.0162747;0.00390625;0.0137174;0.00926841;0.0110798;0.0393884;-0.0300703;-0.0385678;-0.0997889;0.0749891;-0.0740741;-0.0179798;-0.0631702;-0.25;-0.0385964;0.259298;0.00510786;-0.000730138;0.00602622;0.00712778;0.00331664;0.00331664;0.0164112;-0.0179798;0.0334785;0.0240563;0.0110798;-0.0110798;0.08;0.0385964;0.03125;0.19245;-0.0154271;-0.0154271;-2;-0.0154271;-2.6943;;10;-10
0.00144974;0.000139386;0.00128145;0.00213032;-0.000549483;0.00273695;0.000549483;-0.00213032;0.00273695;0.00144899;0.00300703;0.00144899;0.00205141;0.00345317;-0.00142949;-0.00179989;-0.00533598;0.00355099;-0.00374809;-0.00343333;-0.000412381;-0.00618629;0.00115741;0.00751315;0.00205141;-0.00142949;0.00345317;0.00533598;0.00179989;0.00355099;0.00342201;-0.00342201;0.00712778;0.00769711;0.00602622;-0.001964;0.00602622;0.00769711;-0.001964;-0.000571375;-0.0162747;0.0164112;-0.0112664;-0.00889759;-0.00296895;-0.0237266;0.00390625;0.0291545;0.00115741;-0.00618629;0.00751315;0.00889759;0.0112664;-0.00296895;0.0162747;0.000571375;0.0164112;0.0291545;0.00390625;-0.0237266;0.0240563;0.00984713;0.00984713;0.0749891;-0.0749891;0.19245;-0.0631702;-0.0334785;-0.0385678;-0.259298;0.03125;0.37037;-0.00482098;-0.0121089;0.00769711;0.00331664;0.0215544;-0.0184295;0.0334785;0.0631702;-0.0385678;0.00984713;-0.0300703;-0.0393884;0.03125;-0.259298;0.37037;-0.0154271;2.6943;-2;-2.6943;0.0154271;-2;10;;10
0.000364708;-0.00230369;0.00266562;0.00350635;0.0029592;0.000549483;0.00350635;0.00142844;0.00213032;0.00517508;0.00146757;-0.00375879;0.00240774;-0.00117956;0.00351467;0.00559535;0.000412381;0.00533598;0.00219265;-0.00122302;0.00343333;0.00330904;0.00455166;0.00115741;-0.000380556;-0.00487209;0.00453575;0.00559535;0.0072642;-0.00179989;0.00785511;0.0045633;0.00342201;0.0121089;0.000730138;-0.0113293;0.00510786;-0.00482098;0.00960362;0.0182076;0.00296895;0.0162747;0.00531547;-0.00355099;0.00889759;0.00926841;0.0137174;0.00390625;-0.00330904;-0.00925926;0.00618629;0.00531547;0.016;-0.0112664;0.0182076;0.0184295;-0.000571375;0.0237266;-0.00926841;-0.03125;0.0110798;-0.0300703;0.0393884;0.0997889;0.0385678;0.0749891;0.0179798;-0.0164112;0.0334785;0.0385964;0.08;0.03125;-0.00960362;-0.0113293;0.001964;-0.00331664;0.0184295;-0.0215544;0.0179798;0.0740741;-0.0631702;-0.00984713;-0.0393884;-0.0300703;-0.0385964;-0.25;0.259298;0.0154271;2;-2.6943;0.0154271;-0.19245;-0.0154271;-10;10;
